[{
    "model": "auth.group",
    "pk": 3,
    "fields": {
        "name": "newgroup",
        "permissions": [13]
    }
}, {
    "model": "auth.user",
    "pk": 1,
    "fields": {
        "password": "pbkdf2_sha256$870000$0kObTHpVkO6dThBV8Riown$b2C3WP4d5zBFjy37clOHRkADlkj6Iu7UR96in+PgLyc=",
        "last_login": "2024-08-31T12:51:31.460Z",
        "is_superuser": false,
        "username": "anna",
        "first_name": "",
        "last_name": "",
        "email": "",
        "is_staff": false,
        "is_active": true,
        "date_joined": "2024-08-31T12:51:30.817Z",
        "groups": [],
        "user_permissions": []
    }
}, {
    "model": "auth.user",
    "pk": 2,
    "fields": {
        "password": "pbkdf2_sha256$600000$1xqctsOcVPRCQK2nppxJqg$ge3CLWMNSWwFbpIMbmHKrwzMHWAxwlDer5ZBhfg7Z7Y=",
        "last_login": "2024-11-12T16:50:26.177Z",
        "is_superuser": true,
        "username": "admin",
        "first_name": "",
        "last_name": "",
        "email": "",
        "is_staff": true,
        "is_active": true,
        "date_joined": "2024-09-01T12:27:40.825Z",
        "groups": [],
        "user_permissions": []
    }
}, {
    "model": "auth.user",
    "pk": 3,
    "fields": {
        "password": "pbkdf2_sha256$600000$tDf9NgT3DoINnXPdItJsVg$cxRKWPEDEV+WpiH6CWmiiYFRVkQvDRPiXYoBhliQ6WE=",
        "last_login": "2024-09-01T21:06:33.829Z",
        "is_superuser": false,
        "username": "testuser",
        "first_name": "",
        "last_name": "",
        "email": "",
        "is_staff": false,
        "is_active": true,
        "date_joined": "2024-09-01T20:54:29.335Z",
        "groups": [],
        "user_permissions": []
    }
}, {
    "model": "auth.user",
    "pk": 4,
    "fields": {
        "password": "pbkdf2_sha256$600000$7jeMiPwXUauLbDlMts7Pg4$/YKKDXVq67PbVD0VEfXkMPk0fi8BrWdPBM7zT7Fke7o=",
        "last_login": "2024-11-13T13:44:50.685Z",
        "is_superuser": false,
        "username": "Mia",
        "first_name": "",
        "last_name": "",
        "email": "",
        "is_staff": false,
        "is_active": true,
        "date_joined": "2024-09-02T08:52:39.615Z",
        "groups": [],
        "user_permissions": []
    }
}, {
    "model": "auth.user",
    "pk": 5,
    "fields": {
        "password": "pbkdf2_sha256$600000$YDF6qDjsClZc6Racp8uHLM$6CLjaqB2Ais7EqsscvGwdWW+rRUaJtZvudwJ6DmzGaY=",
        "last_login": "2024-11-13T13:19:55.612Z",
        "is_superuser": false,
        "username": "Nelly",
        "first_name": "",
        "last_name": "",
        "email": "",
        "is_staff": false,
        "is_active": true,
        "date_joined": "2024-09-04T10:08:39.469Z",
        "groups": [],
        "user_permissions": []
    }
}, {
    "model": "auth.user",
    "pk": 6,
    "fields": {
        "password": "pbkdf2_sha256$600000$FPmsPvL2JZ1sVjzvYTAFDa$rvn6JGFpG7RtGaveCrbsuABy5w1VO9H7m5hqb3I8s7g=",
        "last_login": "2024-09-10T20:19:10.018Z",
        "is_superuser": false,
        "username": "Adele",
        "first_name": "",
        "last_name": "",
        "email": "",
        "is_staff": false,
        "is_active": true,
        "date_joined": "2024-09-10T20:18:57.140Z",
        "groups": [],
        "user_permissions": []
    }
}, {
    "model": "auth.user",
    "pk": 7,
    "fields": {
        "password": "pbkdf2_sha256$600000$nUp9CD9kKrxUa9d24IqTvc$y6/Lmf/V5r/nC4y1WBQc//B3IbAnXHGyMWQ1yNrdnmo=",
        "last_login": "2024-10-17T11:26:17.530Z",
        "is_superuser": false,
        "username": "bromium",
        "first_name": "",
        "last_name": "",
        "email": "",
        "is_staff": false,
        "is_active": true,
        "date_joined": "2024-09-30T05:59:43.078Z",
        "groups": [],
        "user_permissions": []
    }
}, {
    "model": "auth.user",
    "pk": 8,
    "fields": {
        "password": "pbkdf2_sha256$600000$5x6WWfuhYLKgljdJbW4gw5$iciifA3IZqvMpBdVtsF08D0AjFKcHpQriecBM0Rj4qE=",
        "last_login": "2024-10-30T10:41:13.670Z",
        "is_superuser": false,
        "username": "eval",
        "first_name": "",
        "last_name": "",
        "email": "",
        "is_staff": false,
        "is_active": true,
        "date_joined": "2024-09-30T09:11:43.138Z",
        "groups": [],
        "user_permissions": []
    }
}, {
    "model": "sessions.session",
    "pk": "012fsezhb99d5ysusjlawbo5jtswsil2",
    "fields": {
        "session_data": ".eJxVjMsOwiAQAP-FsyErsC149O43kF0eUjWQlPZk_HdD0oNeZybzFp72rfi9p9UvUVyEEadfxhSeqQ4RH1TvTYZWt3VhORJ52C5vLabX9Wj_BoV6GVsGcGHSBnBii0ppY4khgiNH0c0u42w1AhJxNnTOlqPmAFkDBgAlPl_CrTda:1so4WK:gigF0qIP2sKDrxK3zqo6n_I7-KngszQcvagK1iQTpPY",
        "expire_date": "2024-09-24T17:19:16.909Z"
    }
}, {
    "model": "sessions.session",
    "pk": "034xhujpvboq5qaufjzl3m7g7rh4e4cw",
    "fields": {
        "session_data": ".eJxVjDEOwyAQBP9CHSEMHNgp0_sN6I6D4CTCkrGrKH-PLblIim12ZvctAm5rCVtLS5hYXIUWl9-OMD5TPQA_sN5nGee6LhPJQ5EnbXKcOb1up_t3ULCVfQ2DgmjMHrC9Bs_kQA0QswWymm3vTeccOxWRPRnokBJ6lbPx1jhG8fkCtiM3QA:1slYIK:Z-HpneOfnr3F97dwnlSjd9q-lJ2RiiZFaYbDFgMfHSA",
        "expire_date": "2024-09-17T18:30:24.532Z"
    }
}, {
    "model": "sessions.session",
    "pk": "06xv8ip4ml9bx1l8urznjy9vka96l8jq",
    "fields": {
        "session_data": ".eJxVjLsOAiEURP-F2hDksaClvd9A7gNk1UCy7FbGf1eSLbScOWfmJSJsa4lbT0ucWZyFE4ffDoEeqQ7Ad6i3JqnVdZlRDkXutMtr4_S87O7fQYFevmtygYGPJ2TMyusRctAIOYD1Xk_ZGQjEk9WkM6E2wWVQBr2zQSEl8f4AF2848g:1tAd51:vNd1C4YfoXUnhVnGoW77w7htQGKTvILXiJ0kiEl_i0M",
        "expire_date": "2024-11-25T22:40:19.055Z"
    }
}, {
    "model": "sessions.session",
    "pk": "09azy1dnap5xjixuao3lhkgtten445kv",
    "fields": {
        "session_data": ".eJxVjDEOwyAQBP9CHSEMHNgp0_sN6I6D4CTCkrGrKH-PLblIim12ZvctAm5rCVtLS5hYXIUWl9-OMD5TPQA_sN5nGee6LhPJQ5EnbXKcOb1up_t3ULCVfQ2DgmjMHrC9Bs_kQA0QswWymm3vTeccOxWRPRnokBJ6lbPx1jhG8fkCtiM3QA:1t5ZHe:SM7m1WY4nt4W-xQNFEJgF5FhILF95dBdHCRAynByA_g",
        "expire_date": "2024-11-11T23:36:26.118Z"
    }
}, {
    "model": "sessions.session",
    "pk": "0cq8oxrdioo5kpcac3va5jrn87iur1c5",
    "fields": {
        "session_data": ".eJxVjLsOAiEURP-F2hDksaClvd9A7gNk1UCy7FbGf1eSLbScOWfmJSJsa4lbT0ucWZyFE4ffDoEeqQ7Ad6i3JqnVdZlRDkXutMtr4_S87O7fQYFevmtygYGPJ2TMyusRctAIOYD1Xk_ZGQjEk9WkM6E2wWVQBr2zQSEl8f4AF2848g:1so7nL:si6lMSwE0_hooqExUTRYvG4Ko4_ABRJJY2rPGL4EyM8",
        "expire_date": "2024-09-24T20:49:03.508Z"
    }
}, {
    "model": "sessions.session",
    "pk": "0jrv9gopal04lhv2swe7gabrefxfw5cc",
    "fields": {
        "session_data": ".eJxVjLsOAiEURP-F2hDksaClvd9A7gNk1UCy7FbGf1eSLbScOWfmJSJsa4lbT0ucWZyFE4ffDoEeqQ7Ad6i3JqnVdZlRDkXutMtr4_S87O7fQYFevmtygYGPJ2TMyusRctAIOYD1Xk_ZGQjEk9WkM6E2wWVQBr2zQSEl8f4AF2848g:1tAckX:D0GGxd-62AdERh8EFmBHRJeQt1ogeVgL9SiaumomI_k",
        "expire_date": "2024-11-25T22:19:09.443Z"
    }
}, {
    "model": "sessions.session",
    "pk": "0k6makkkta1amvrlkcslv0lxz7ro908i",
    "fields": {
        "session_data": ".eJxVjMsOgjAQRf-la0KgU_tg6d5vINPOANVaEh5ujP8uGGLC9pxz71tgCOOal_bFU-wiU8tPjEk0eU2p-Nt15kk0oheFaHFdhh9oI22s1mfoMTw474bumPuxDGNepujLPSkPO5e3kThdj_Z0MOA8bOuKtFIanPGSkZWvlTKkLTir6sqQ54orcwGogRwqkhwkOLBoHUCnpRefL65TSOI:1tAqwG:6LWXuHRbjrGY9dUorUNXduN9sgxdGfTawf37_BFKYfQ",
        "expire_date": "2024-11-26T13:28:12.472Z"
    }
}, {
    "model": "sessions.session",
    "pk": "0rqj6mugguaomwt85hlw5l36nrcdi671",
    "fields": {
        "session_data": ".eJxVjMsOwiAQAP-FsyErsC149O43kF0eUjWQlPZk_HdD0oNeZybzFp72rfi9p9UvUVyEEadfxhSeqQ4RH1TvTYZWt3VhORJ52C5vLabX9Wj_BoV6GVsGcGHSBnBii0ppY4khgiNH0c0u42w1AhJxNnTOlqPmAFkDBgAlPl_CrTda:1t9RGR:ftTBcAydKYQkqpCJW2JoEyus3cic0XGpiiZnBwjcBDc",
        "expire_date": "2024-11-22T15:51:11.756Z"
    }
}, {
    "model": "sessions.session",
    "pk": "0t2up7ycbuf7xo7c7jekqnx6he8xgzl0",
    "fields": {
        "session_data": ".eJxVjLsOAiEURP-F2hDksaClvd9A7gNk1UCy7FbGf1eSLbScOWfmJSJsa4lbT0ucWZyFE4ffDoEeqQ7Ad6i3JqnVdZlRDkXutMtr4_S87O7fQYFevmtygYGPJ2TMyusRctAIOYD1Xk_ZGQjEk9WkM6E2wWVQBr2zQSEl8f4AF2848g:1tApsc:4fh3njpLTFeeUXbGBFrVnzTgE0X1YwrU8sxZYklCnmw",
        "expire_date": "2024-11-26T12:20:22.998Z"
    }
}, {
    "model": "sessions.session",
    "pk": "0to3dj5rxqd6jm21r52m6sxco1kal8ew",
    "fields": {
        "session_data": ".eJxVjMsOwiAQAP-FsyErsC149O43kF0eUjWQlPZk_HdD0oNeZybzFp72rfi9p9UvUVyEEadfxhSeqQ4RH1TvTYZWt3VhORJ52C5vLabX9Wj_BoV6GVsGcGHSBnBii0ppY4khgiNH0c0u42w1AhJxNnTOlqPmAFkDBgAlPl_CrTda:1tA6Et:6Pf7WeLI727qboi_8H4jGTb8QHwwA3TZcvEiXOFCUOU",
        "expire_date": "2024-11-24T11:36:19.980Z"
    }
}, {
    "model": "sessions.session",
    "pk": "13pe4bwr622li64tbgsl27emuxqevnw1",
    "fields": {
        "session_data": ".eJxVjLsOAiEURP-F2hDksaClvd9A7gNk1UCy7FbGf1eSLbScOWfmJSJsa4lbT0ucWZyFE4ffDoEeqQ7Ad6i3JqnVdZlRDkXutMtr4_S87O7fQYFevmtygYGPJ2TMyusRctAIOYD1Xk_ZGQjEk9WkM6E2wWVQBr2zQSEl8f4AF2848g:1tAc5V:kLDUglzp-GBpnWW0u4K9K-SpCPgXlQEqIkeTm994MLk",
        "expire_date": "2024-11-25T21:36:45.244Z"
    }
}, {
    "model": "sessions.session",
    "pk": "1aef6c9m4e4ceu2kn3dtam7i3pkoui42",
    "fields": {
        "session_data": ".eJxVjLsOAiEURP-F2hDksaClvd9A7gNk1UCy7FbGf1eSLbScOWfmJSJsa4lbT0ucWZyFE4ffDoEeqQ7Ad6i3JqnVdZlRDkXutMtr4_S87O7fQYFevmtygYGPJ2TMyusRctAIOYD1Xk_ZGQjEk9WkM6E2wWVQBr2zQSEl8f4AF2848g:1t9saE:4E8l5qi555DF741wxgNJJbpa96gMdlDu4e9xgBw_wyM",
        "expire_date": "2024-11-23T21:01:26.056Z"
    }
}, {
    "model": "sessions.session",
    "pk": "1an79s6qvn8hm5jcy7k4zpxmcqf2k04t",
    "fields": {
        "session_data": ".eJxVjMsOwiAQRf-FtSE8Cgwu3fsNZJihUjU0Ke3K-O_apAvd3nPOfYmE21rT1suSJhZnoUGcfseM9ChtJ3zHdpslzW1dpix3RR60y-vM5Xk53L-Dir1-awBnQDFp8kTBxIAKI4C3JlgKUSudKbLFIdAY2DrDo8LBMVsw2Tsn3h_v7zeD:1tAsSu:TWP43H5PHKL37VQvs8zwb8sg4NW9AWSrQr2gPezuX50",
        "expire_date": "2024-11-26T15:06:00.274Z"
    }
}, {
    "model": "sessions.session",
    "pk": "1fcfi8pjt2b0oss6lgyu4eg1l3qatrdp",
    "fields": {
        "session_data": ".eJxVjLsOAiEURP-F2hDksaClvd9A7gNk1UCy7FbGf1eSLbScOWfmJSJsa4lbT0ucWZyFE4ffDoEeqQ7Ad6i3JqnVdZlRDkXutMtr4_S87O7fQYFevmtygYGPJ2TMyusRctAIOYD1Xk_ZGQjEk9WkM6E2wWVQBr2zQSEl8f4AF2848g:1tAgUh:SZUSioL7Wfsiv4Jhfg-NCBXvzBPVJk1yQMzKfDEdeKo",
        "expire_date": "2024-11-26T02:19:03.761Z"
    }
}, {
    "model": "sessions.session",
    "pk": "1tvxnxzsxvhdjmcqibuuuerqk7rsdpo3",
    "fields": {
        "session_data": ".eJxVjLsOAiEURP-F2hDksaClvd9A7gNk1UCy7FbGf1eSLbScOWfmJSJsa4lbT0ucWZyFE4ffDoEeqQ7Ad6i3JqnVdZlRDkXutMtr4_S87O7fQYFevmtygYGPJ2TMyusRctAIOYD1Xk_ZGQjEk9WkM6E2wWVQBr2zQSEl8f4AF2848g:1tAcuE:jCktUHKA4MHK3-yUngvLTpgnTXCoWg88UQ0ysRBrwcM",
        "expire_date": "2024-11-25T22:29:10.294Z"
    }
}, {
    "model": "sessions.session",
    "pk": "1wacq9wh0cog0d9v5q8hw0n6n7dxft9s",
    "fields": {
        "session_data": ".eJxVjDEOwyAQBP9CHSEMHNgp0_sN6I6D4CTCkrGrKH-PLblIim12ZvctAm5rCVtLS5hYXIUWl9-OMD5TPQA_sN5nGee6LhPJQ5EnbXKcOb1up_t3ULCVfQ2DgmjMHrC9Bs_kQA0QswWymm3vTeccOxWRPRnokBJ6lbPx1jhG8fkCtiM3QA:1sl62B:VfA6CVbV_zlSysibKsYf40oVEBtL97itx9RdFQQLy04",
        "expire_date": "2024-09-16T12:19:51.423Z"
    }
}, {
    "model": "sessions.session",
    "pk": "215aoweo8yng0r62bwj960ct8aapk9tt",
    "fields": {
        "session_data": ".eJxVjDsOwyAQBe9CHSH-mJTpfQa0C0twEmHJ2FWUu0dILpL2zcx7swjHXuPRaYtLZlem2OV3Q0hPagPkB7T7ytPa9m1BPhR-0s7nNdPrdrp_BxV6HXVAIb3xUjkNCEZrdBaLd9rIHKwWhCQ8GuXApUKThTCJ4IogSbZ4YJ8vzPs3oQ:1tAJUv:q0JvSnXQtFm2Iuojgyyk-UY9wACVz8no1wBaP90PFOU",
        "expire_date": "2024-11-25T01:45:45.321Z"
    }
}, {
    "model": "sessions.session",
    "pk": "2uz5fi9bryc8nh2q14gq2qrbrc36szna",
    "fields": {
        "session_data": ".eJxVjDEOwyAQBP9CHSEMHNgp0_sN6I6D4CTCkrGrKH-PLblIim12ZvctAm5rCVtLS5hYXIUWl9-OMD5TPQA_sN5nGee6LhPJQ5EnbXKcOb1up_t3ULCVfQ2DgmjMHrC9Bs_kQA0QswWymm3vTeccOxWRPRnokBJ6lbPx1jhG8fkCtiM3QA:1smTGg:KXt9Czt3R7oSBJV6VOwGWfW5ycMJnecHt8RH0DY5rRY",
        "expire_date": "2024-09-20T07:20:30.416Z"
    }
}, {
    "model": "sessions.session",
    "pk": "30zo75zzf9unpn4sjpiv8mezp0z663iq",
    "fields": {
        "session_data": ".eJxVjEEOwiAQRe_C2hAIY4dx6d4zkAEGqRqalHZlvLsh6UK3_7333yrwvtWwd1nDnNVFkTr9bpHTU9oA-cHtvui0tG2dox6KPmjXtyXL63q4fweVex01Go9ZAJi8TQQmRvKGgHKZSjFOGITN2SZEdNE75AlQEhRDbFNx6vMF44I37Q:1svdwF:oLdvTxSIXiHQIwrOUK4oJMwG4O7S9HcmUNymvmv-JOM",
        "expire_date": "2024-10-15T14:33:19.655Z"
    }
}, {
    "model": "sessions.session",
    "pk": "3a6hglyxat333s7n5flc7zjsx1alban9",
    "fields": {
        "session_data": ".eJxVjLsOAiEURP-F2hDksaClvd9A7gNk1UCy7FbGf1eSLbScOWfmJSJsa4lbT0ucWZyFE4ffDoEeqQ7Ad6i3JqnVdZlRDkXutMtr4_S87O7fQYFevmtygYGPJ2TMyusRctAIOYD1Xk_ZGQjEk9WkM6E2wWVQBr2zQSEl8f4AF2848g:1tAfsp:dAtgOFWBBopbaNnu3oSf3ASyXszueSxnxMmovOPXBxA",
        "expire_date": "2024-11-26T01:39:55.023Z"
    }
}, {
    "model": "sessions.session",
    "pk": "3bjcbc900vbtup7179gp22gz7cbil2mi",
    "fields": {
        "session_data": ".eJxVjDEOwyAQBP9CHSEMHNgp0_sN6I6D4CTCkrGrKH-PLblIim12ZvctAm5rCVtLS5hYXIUWl9-OMD5TPQA_sN5nGee6LhPJQ5EnbXKcOb1up_t3ULCVfQ2DgmjMHrC9Bs_kQA0QswWymm3vTeccOxWRPRnokBJ6lbPx1jhG8fkCtiM3QA:1tAqs9:6qAXauukRQYnPWFljzz-7g7LLNzIjBpru_428-TlUN0",
        "expire_date": "2024-11-26T13:23:57.545Z"
    }
}, {
    "model": "sessions.session",
    "pk": "3fwhtdgnpcipundtkqe93onhgin53yee",
    "fields": {
        "session_data": ".eJxVjMsOwiAQRf-FtSEt8hhcuu83EJgZpGogKe3K-O_apAvd3nPOfYkQt7WErfMSZhIXocXpd0sRH1x3QPdYb01iq-syJ7kr8qBdTo34eT3cv4MSe_nWHlXWgM5mIDIJxowc8-A9oD4n45Rm8nYwnh1ysiMqTp4BrCMFOrJ4fwAA1ziV:1slU1D:rbf35LuCSZzw72Dv9BYfZmeVmmEhf257qBuOCExC7nc",
        "expire_date": "2024-09-17T13:56:27.285Z"
    }
}, {
    "model": "sessions.session",
    "pk": "3so9225kck4nervyw2a2lto64fvguzb8",
    "fields": {
        "session_data": ".eJxVjMsOwiAQAP-FsyErsC149O43kF0eUjWQlPZk_HdD0oNeZybzFp72rfi9p9UvUVyEEadfxhSeqQ4RH1TvTYZWt3VhORJ52C5vLabX9Wj_BoV6GVsGcGHSBnBii0ppY4khgiNH0c0u42w1AhJxNnTOlqPmAFkDBgAlPl_CrTda:1t5Z2M:2Nl6ZPqDveAHw6SyE6GX3RXjK_YjYGe-lvw8dIiKn00",
        "expire_date": "2024-11-11T23:20:38.739Z"
    }
}, {
    "model": "sessions.session",
    "pk": "3utn66apxp1qhql7177nihf6j4epb670",
    "fields": {
        "session_data": ".eJxVjLsOAiEURP-F2hDksaClvd9A7gNk1UCy7FbGf1eSLbScOWfmJSJsa4lbT0ucWZyFE4ffDoEeqQ7Ad6i3JqnVdZlRDkXutMtr4_S87O7fQYFevmtygYGPJ2TMyusRctAIOYD1Xk_ZGQjEk9WkM6E2wWVQBr2zQSEl8f4AF2848g:1tAgR8:f9BZ--31E7sO1bNHGif3heerd_xjQldrI6GSEM2swQE",
        "expire_date": "2024-11-26T02:15:22.446Z"
    }
}, {
    "model": "sessions.session",
    "pk": "45h6drzfjfkdu5dtexr25l9jnz7vdpk8",
    "fields": {
        "session_data": ".eJxljEEOwiAURO_CuiFCKRSX7j0D-fxPLYqQtMWN8e62pjExriaZ92aeDBBLzYt7hCkOMZALd4iJHXNNqfnSOoeJHZlgDXNQl_FTuEj_nQe8hbwBukK-FI4lL1P0fFP4Tmd-LhTSaXd_DkaYx3VthJB0CIMxHaxBVkrU2NsOAujWWuxJdlpDq7SxqLXolVeKPLbCSvSevd5tJUlA:1skNZj:f_KaGn09dqi9Q2369zMycYWEw2nMsewj9TJxaHvufjU",
        "expire_date": "2024-09-14T12:51:31.493Z"
    }
}, {
    "model": "sessions.session",
    "pk": "4f7cygg1vgc48ohmxi0q5ha18s3lp3m5",
    "fields": {
        "session_data": ".eJxVjMsOwiAQRf-FddPw6ANcuvcbyDADFkVI2uLG-O9a05h0e86598UAsdS82qefY4ierH9ATOyUa0rN39bFz-zEEmuYhbpOP2AjfZkUR-gA7z5vhm6Qr6XFktc5unZL2t0u7aWQT-e9PRxMsEzbmkY5EAyABqVQo1QGuQInSeugheCOgzM9mC4E5YKgkQ_aQyeF7rETkr0_3EFJvA:1tBDTh:yvNwMRAQBFYQe3-nHQUWUldEiBkSfXHQJibgrukcCKs",
        "expire_date": "2024-11-27T13:32:13.672Z"
    }
}, {
    "model": "sessions.session",
    "pk": "4gw8j7ob3zrdxaxm24hjtzuf7irzespw",
    "fields": {
        "session_data": ".eJxVjDEOwyAQBP9CHSEMHNgp0_sN6I6D4CTCkrGrKH-PLblIim12ZvctAm5rCVtLS5hYXIUWl9-OMD5TPQA_sN5nGee6LhPJQ5EnbXKcOb1up_t3ULCVfQ2DgmjMHrC9Bs_kQA0QswWymm3vTeccOxWRPRnokBJ6lbPx1jhG8fkCtiM3QA:1sngbk:gwJJ3NRQATRJzt1Edu1UOyNXHHR_P5BqrRcw3D7hehs",
        "expire_date": "2024-09-23T15:47:16.820Z"
    }
}, {
    "model": "sessions.session",
    "pk": "4vei29javjspodfqqv8ultqw0ulu8l8p",
    "fields": {
        "session_data": ".eJxVjLsOAiEURP-F2hDksaClvd9A7gNk1UCy7FbGf1eSLbScOWfmJSJsa4lbT0ucWZyFE4ffDoEeqQ7Ad6i3JqnVdZlRDkXutMtr4_S87O7fQYFevmtygYGPJ2TMyusRctAIOYD1Xk_ZGQjEk9WkM6E2wWVQBr2zQSEl8f4AF2848g:1tAdlp:bQUvT-nkZ8H2ku4O4XTR0ehOV1gE67IM1s1jSo-VzoM",
        "expire_date": "2024-11-25T23:24:33.217Z"
    }
}, {
    "model": "sessions.session",
    "pk": "4vo8uvk37uw8yj9691j6qnrnv0y45qnq",
    "fields": {
        "session_data": ".eJxVjDEOwyAQBP9CHSEMHNgp0_sN6I6D4CTCkrGrKH-PLblIim12ZvctAm5rCVtLS5hYXIUWl9-OMD5TPQA_sN5nGee6LhPJQ5EnbXKcOb1up_t3ULCVfQ2DgmjMHrC9Bs_kQA0QswWymm3vTeccOxWRPRnokBJ6lbPx1jhG8fkCtiM3QA:1sluTs:NKYCc3m6o2RSTy_xZI84i-bIBz0PrOel_v_5m8sb2TU",
        "expire_date": "2024-09-18T18:11:48.587Z"
    }
}, {
    "model": "sessions.session",
    "pk": "4vvy4906ktsnhxblcrot8u6wg3nciask",
    "fields": {
        "session_data": ".eJxVjMsOwiAQAP-FsyErsC149O43kF0eUjWQlPZk_HdD0oNeZybzFp72rfi9p9UvUVyEEadfxhSeqQ4RH1TvTYZWt3VhORJ52C5vLabX9Wj_BoV6GVsGcGHSBnBii0ppY4khgiNH0c0u42w1AhJxNnTOlqPmAFkDBgAlPl_CrTda:1tAaWD:7t7K2JO3j36q4E3I-8oOsIgSjpAHlZwhwILajmZBSJI",
        "expire_date": "2024-11-25T19:56:13.274Z"
    }
}, {
    "model": "sessions.session",
    "pk": "4xxmeegiied8nmv6ca398ywy6y2ev25b",
    "fields": {
        "session_data": ".eJxVjDEOwyAQBP9CHSEMHNgp0_sN6I6D4CTCkrGrKH-PLblIim12ZvctAm5rCVtLS5hYXIUWl9-OMD5TPQA_sN5nGee6LhPJQ5EnbXKcOb1up_t3ULCVfQ2DgmjMHrC9Bs_kQA0QswWymm3vTeccOxWRPRnokBJ6lbPx1jhG8fkCtiM3QA:1soKOf:3cTOlIirAz0y_UmG3SesVN2ulYl4um0nzkb3OmwVeiA",
        "expire_date": "2024-09-25T10:16:25.763Z"
    }
}, {
    "model": "sessions.session",
    "pk": "54cfsazwm1xk28lgwtoqrxr9esdtjbo2",
    "fields": {
        "session_data": ".eJxVjMsOwiAQAP-FsyErsC149O43kF0eUjWQlPZk_HdD0oNeZybzFp72rfi9p9UvUVyEEadfxhSeqQ4RH1TvTYZWt3VhORJ52C5vLabX9Wj_BoV6GVsGcGHSBnBii0ppY4khgiNH0c0u42w1AhJxNnTOlqPmAFkDBgAlPl_CrTda:1tAcJ7:2gjlHh51wxMNpZOkTSQKFaBpYQdD7rYiEU7RKA-2X1A",
        "expire_date": "2024-11-25T21:50:49.955Z"
    }
}, {
    "model": "sessions.session",
    "pk": "55z3mt8w8cv2i1b58wpsgitugv353rsu",
    "fields": {
        "session_data": ".eJxVjDEOwyAQBP9CHSEMHNgp0_sN6I6D4CTCkrGrKH-PLblIim12ZvctAm5rCVtLS5hYXIUWl9-OMD5TPQA_sN5nGee6LhPJQ5EnbXKcOb1up_t3ULCVfQ2DgmjMHrC9Bs_kQA0QswWymm3vTeccOxWRPRnokBJ6lbPx1jhG8fkCtiM3QA:1slaf5:kRTXPE-97zt_aknNmYPabALHanUrcyeon7oPFAlOWyA",
        "expire_date": "2024-09-17T21:02:03.297Z"
    }
}, {
    "model": "sessions.session",
    "pk": "5i0j31xf80solp81hztgwd24rzdr0q9s",
    "fields": {
        "session_data": ".eJxVjMsOwiAQAP-FsyErsC149O43kF0eUjWQlPZk_HdD0oNeZybzFp72rfi9p9UvUVyEEadfxhSeqQ4RH1TvTYZWt3VhORJ52C5vLabX9Wj_BoV6GVsGcGHSBnBii0ppY4khgiNH0c0u42w1AhJxNnTOlqPmAFkDBgAlPl_CrTda:1t2yp7:s7NGMOIpJ8sjIXzzf-6L5WgBLc_Vd9HvqMKmiPgGULY",
        "expire_date": "2024-11-04T20:16:17.410Z"
    }
}, {
    "model": "sessions.session",
    "pk": "5jmnvvkc4qnmpw8kkihc6ify81rfqt7p",
    "fields": {
        "session_data": ".eJxVjLsOAiEURP-F2hDksaClvd9A7gNk1UCy7FbGf1eSLbScOWfmJSJsa4lbT0ucWZyFE4ffDoEeqQ7Ad6i3JqnVdZlRDkXutMtr4_S87O7fQYFevmtygYGPJ2TMyusRctAIOYD1Xk_ZGQjEk9WkM6E2wWVQBr2zQSEl8f4AF2848g:1tAp5a:XSMrQbLdFcFqkoaXK_RrsI3fBoxW1cg6nn3TuIxnxdI",
        "expire_date": "2024-11-26T11:29:42.896Z"
    }
}, {
    "model": "sessions.session",
    "pk": "5tiseaxjh3i60g9ggjdbr2b1um9pavzt",
    "fields": {
        "session_data": ".eJxVjMsOwiAQAP-FsyErsC149O43kF0eUjWQlPZk_HdD0oNeZybzFp72rfi9p9UvUVyEEadfxhSeqQ4RH1TvTYZWt3VhORJ52C5vLabX9Wj_BoV6GVsGcGHSBnBii0ppY4khgiNH0c0u42w1AhJxNnTOlqPmAFkDBgAlPl_CrTda:1t2yMZ:Ew0wAfbrVxwhSazozxSFlIleYASt1nF8QG4F2KUu_KM",
        "expire_date": "2024-11-04T19:46:47.074Z"
    }
}, {
    "model": "sessions.session",
    "pk": "633m69zkgw760htobnxgxgnsfrzxfubs",
    "fields": {
        "session_data": ".eJxVjDEOwyAQBP9CHSEMHNgp0_sN6I6D4CTCkrGrKH-PLblIim12ZvctAm5rCVtLS5hYXIUWl9-OMD5TPQA_sN5nGee6LhPJQ5EnbXKcOb1up_t3ULCVfQ2DgmjMHrC9Bs_kQA0QswWymm3vTeccOxWRPRnokBJ6lbPx1jhG8fkCtiM3QA:1snCa8:HZUemUApoEZH0RkRGGC3deTmtf6GWwv_Y9i8qDgdj9s",
        "expire_date": "2024-09-22T07:43:36.427Z"
    }
}, {
    "model": "sessions.session",
    "pk": "69g9svunpcm11qh2fh1r0t0popr0mv7v",
    "fields": {
        "session_data": ".eJxVjDEOwyAQBP9CHSEMHNgp0_sN6I6D4CTCkrGrKH-PLblIim12ZvctAm5rCVtLS5hYXIUWl9-OMD5TPQA_sN5nGee6LhPJQ5EnbXKcOb1up_t3ULCVfQ2DgmjMHrC9Bs_kQA0QswWymm3vTeccOxWRPRnokBJ6lbPx1jhG8fkCtiM3QA:1sncn7:VAL-qbts617XgiQkC9AaJpHNkKkYmkFyXwZ1Wu5L3-g",
        "expire_date": "2024-09-23T11:42:45.963Z"
    }
}, {
    "model": "sessions.session",
    "pk": "6e79a6hmerr1h4t1jhzp5qxpttzl7pl8",
    "fields": {
        "session_data": ".eJxVjLsOAiEURP-F2hDksaClvd9A7gNk1UCy7FbGf1eSLbScOWfmJSJsa4lbT0ucWZyFE4ffDoEeqQ7Ad6i3JqnVdZlRDkXutMtr4_S87O7fQYFevmtygYGPJ2TMyusRctAIOYD1Xk_ZGQjEk9WkM6E2wWVQBr2zQSEl8f4AF2848g:1tAcyv:rQVGs9vK8UTqhFOBmRjAWEbrsd1Bau7ar3PbgW14JV0",
        "expire_date": "2024-11-25T22:34:01.541Z"
    }
}, {
    "model": "sessions.session",
    "pk": "6eau3akqcnp9s8o6bm7gvrljp7lmq32g",
    "fields": {
        "session_data": ".eJxVjLsOAiEURP-F2hDksaClvd9A7gNk1UCy7FbGf1eSLbScOWfmJSJsa4lbT0ucWZyFE4ffDoEeqQ7Ad6i3JqnVdZlRDkXutMtr4_S87O7fQYFevmtygYGPJ2TMyusRctAIOYD1Xk_ZGQjEk9WkM6E2wWVQBr2zQSEl8f4AF2848g:1tAp5W:Du3Rmh2kkib-CAHeXQiSkxTzH82LIl_hg-J7SJAHKDU",
        "expire_date": "2024-11-26T11:29:38.706Z"
    }
}, {
    "model": "sessions.session",
    "pk": "6nop5zdu47292zstdey30z5cwj3l7ni9",
    "fields": {
        "session_data": ".eJxVjDEOwyAQBP9CHSEMHNgp0_sN6I6D4CTCkrGrKH-PLblIim12ZvctAm5rCVtLS5hYXIUWl9-OMD5TPQA_sN5nGee6LhPJQ5EnbXKcOb1up_t3ULCVfQ2DgmjMHrC9Bs_kQA0QswWymm3vTeccOxWRPRnokBJ6lbPx1jhG8fkCtiM3QA:1stWJU:EH9ojgDK2mVFilqUDAdtrkGbt23x7Ls73VF5z_7sbuo",
        "expire_date": "2024-10-09T18:00:32.681Z"
    }
}, {
    "model": "sessions.session",
    "pk": "6oqtf0lthbf31mohjjchphfn2m9qtde6",
    "fields": {
        "session_data": ".eJxVjLsOAiEURP-F2hDksaClvd9A7gNk1UCy7FbGf1eSLbScOWfmJSJsa4lbT0ucWZyFE4ffDoEeqQ7Ad6i3JqnVdZlRDkXutMtr4_S87O7fQYFevmtygYGPJ2TMyusRctAIOYD1Xk_ZGQjEk9WkM6E2wWVQBr2zQSEl8f4AF2848g:1tAcke:SGMA33zEf1Ncy77W9EndoItHzyzMKqPRB7hGCXkj4MM",
        "expire_date": "2024-11-25T22:19:16.501Z"
    }
}, {
    "model": "sessions.session",
    "pk": "6sr13ldkdrywp9qy62hmj6gyaicv0cx2",
    "fields": {
        "session_data": ".eJxVjLsOAiEURP-F2hDksaClvd9A7gNk1UCy7FbGf1eSLbScOWfmJSJsa4lbT0ucWZyFE4ffDoEeqQ7Ad6i3JqnVdZlRDkXutMtr4_S87O7fQYFevmtygYGPJ2TMyusRctAIOYD1Xk_ZGQjEk9WkM6E2wWVQBr2zQSEl8f4AF2848g:1tAcvI:PK5mqhylfZX4BffRbXvNfPJO2rKtrxQmc94_WUuJssI",
        "expire_date": "2024-11-25T22:30:16.490Z"
    }
}, {
    "model": "sessions.session",
    "pk": "6txokw538vbennqc32phtjxhp0giddt0",
    "fields": {
        "session_data": ".eJxVjMsOwiAQAP-FsyErsC149O43kF0eUjWQlPZk_HdD0oNeZybzFp72rfi9p9UvUVyEEadfxhSeqQ4RH1TvTYZWt3VhORJ52C5vLabX9Wj_BoV6GVsGcGHSBnBii0ppY4khgiNH0c0u42w1AhJxNnTOlqPmAFkDBgAlPl_CrTda:1t95vb:AeCetMZWE4zT-vFsFtblkLsrWRw6zLqeFfj4Y6JCwNw",
        "expire_date": "2024-11-21T17:04:15.407Z"
    }
}, {
    "model": "sessions.session",
    "pk": "6u3er5llu6rpmmy6zqfh4pobaemsqy2w",
    "fields": {
        "session_data": ".eJxVjLsOAiEURP-F2hDksaClvd9A7gNk1UCy7FbGf1eSLbScOWfmJSJsa4lbT0ucWZyFE4ffDoEeqQ7Ad6i3JqnVdZlRDkXutMtr4_S87O7fQYFevmtygYGPJ2TMyusRctAIOYD1Xk_ZGQjEk9WkM6E2wWVQBr2zQSEl8f4AF2848g:1so85H:JZs1qlg8oI3n3NHbHjPiyFMlpjQUgleAwV14BYBXVzM",
        "expire_date": "2024-09-24T21:07:35.964Z"
    }
}, {
    "model": "sessions.session",
    "pk": "70qnertag3u09m3qzldacyd5p8o50om5",
    "fields": {
        "session_data": ".eJxVjLsOAiEURP-F2hDksaClvd9A7gNk1UCy7FbGf1eSLbScOWfmJSJsa4lbT0ucWZyFE4ffDoEeqQ7Ad6i3JqnVdZlRDkXutMtr4_S87O7fQYFevmtygYGPJ2TMyusRctAIOYD1Xk_ZGQjEk9WkM6E2wWVQBr2zQSEl8f4AF2848g:1tAqWE:RkqcwL63MPbhHS6wp5iLE_cm_HPAautNRXoC6HZAepM",
        "expire_date": "2024-11-26T13:01:18.046Z"
    }
}, {
    "model": "sessions.session",
    "pk": "72i4gplfrg9fgg5supuemfe9uu248438",
    "fields": {
        "session_data": ".eJxVjDsOwjAQBe_iGlneteMPJX3OEO16bRxAiZRPhbg7ipQC2jcz760G2rc27GtZhlHUVSGoy-_IlJ9lOog8aLrPOs_TtoysD0WfdNX9LOV1O92_g0ZrO2oJ6IU85ZQRbECbsrHEKDHWCGDYEKeOkqvVcgUJxsdCDiF22QGqzxcPzjfx:1tBDTv:2mp70oxG2wonq60DBed0kdT6lx5ob42wc_bwx3MS9Bg",
        "expire_date": "2024-11-27T13:32:27.187Z"
    }
}, {
    "model": "sessions.session",
    "pk": "72jvwa60yo94bmpd621fdu1veynivesi",
    "fields": {
        "session_data": ".eJxVjLsOAiEURP-F2hDksaClvd9A7gNk1UCy7FbGf1eSLbScOWfmJSJsa4lbT0ucWZyFE4ffDoEeqQ7Ad6i3JqnVdZlRDkXutMtr4_S87O7fQYFevmtygYGPJ2TMyusRctAIOYD1Xk_ZGQjEk9WkM6E2wWVQBr2zQSEl8f4AF2848g:1tApq7:RIDTMNhljF4K4CB4i_VGmAnV84sqEOsK3MohvlksGVM",
        "expire_date": "2024-11-26T12:17:47.762Z"
    }
}, {
    "model": "sessions.session",
    "pk": "7bn9m7k2yg97t0fumb8wfqpe9vejc3vf",
    "fields": {
        "session_data": ".eJxVjDkOwjAUBe_iGlnGcbxQ0nMG62_gALKlOKkQd4dIKaB9M_NeKsO6lLx2mfPE6qRGdfjdEOghdQN8h3prmlpd5gn1puiddn1pLM_z7v4dFOjlW0dn2CYbOAgQCkWPMIQrOhYaQQYakkTnxAQwYNEyGC-JMCQJcvRevT8PmDj4:1sm6zI:6XtEPSM9eDQUhgaIV-Eir10JqfJ83OKWuIh7HaIvnRI",
        "expire_date": "2024-09-19T07:33:04.502Z"
    }
}, {
    "model": "sessions.session",
    "pk": "80as6o9g9mhj7quzjgzaur252xye0irc",
    "fields": {
        "session_data": ".eJxVjLsOAiEURP-F2hDksaClvd9A7gNk1UCy7FbGf1eSLbScOWfmJSJsa4lbT0ucWZyFE4ffDoEeqQ7Ad6i3JqnVdZlRDkXutMtr4_S87O7fQYFevmtygYGPJ2TMyusRctAIOYD1Xk_ZGQjEk9WkM6E2wWVQBr2zQSEl8f4AF2848g:1tAcTj:gDcYsjNKnCAx1_OSiu2PlOloYFFV00hh5xTrL8Ff_Co",
        "expire_date": "2024-11-25T22:01:47.902Z"
    }
}, {
    "model": "sessions.session",
    "pk": "81646v7kqjx14rgk00fe4xc9fju33d5y",
    "fields": {
        "session_data": ".eJxljMsOgjAQRf-la9LQJ-DSvd_QTDuDVGubAHVj_HfFEBPj9pxz74NBCKXm1d1pjmMkdHSDmNgh15Sar60LzezAFGuYg7pOH-Ai_jMP4Up5E3iBfC48lLzO0fMt4btd-KkgpePe_hxMsEzvtRwsCjv0QYH0kgwJY83YofWoEaXshQ6CsDVGe2WkJm2DapXpghmUBc-eL2YjSNE:1skraf:M46dlv9vB9pSq3XSpIFsHKX0qEouRiCFFCnAfk-MFo0",
        "expire_date": "2024-09-15T20:54:29.897Z"
    }
}, {
    "model": "sessions.session",
    "pk": "85kd4mfkcv4dk8qwxmvn1vk4m30mo77z",
    "fields": {
        "session_data": ".eJxVjMsOwiAQAP-FsyErsC149O43kF0eUjWQlPZk_HdD0oNeZybzFp72rfi9p9UvUVyEEadfxhSeqQ4RH1TvTYZWt3VhORJ52C5vLabX9Wj_BoV6GVsGcGHSBnBii0ppY4khgiNH0c0u42w1AhJxNnTOlqPmAFkDBgAlPl_CrTda:1t2yfn:zYVCkTJ8iX8LZ1W7uUXw3rrIVV5PtMDKVZUwtZMINYM",
        "expire_date": "2024-11-04T20:06:39.043Z"
    }
}, {
    "model": "sessions.session",
    "pk": "85stvleouqomur0w8he9j73ssceoxvok",
    "fields": {
        "session_data": ".eJxVjMsOwiAQAP-FsyErsC149O43kF0eUjWQlPZk_HdD0oNeZybzFp72rfi9p9UvUVyEEadfxhSeqQ4RH1TvTYZWt3VhORJ52C5vLabX9Wj_BoV6GVsGcGHSBnBii0ppY4khgiNH0c0u42w1AhJxNnTOlqPmAFkDBgAlPl_CrTda:1t2ynS:Yg8ShxzGDVdsMsOl6k8mBfz8BUQZafOVK3TpkOlNTsI",
        "expire_date": "2024-11-04T20:14:34.803Z"
    }
}, {
    "model": "sessions.session",
    "pk": "873smtsd4e38ixxsj07rk4icjjyp5au2",
    "fields": {
        "session_data": ".eJxVjLsOAiEURP-F2hDksaClvd9A7gNk1UCy7FbGf1eSLbScOWfmJSJsa4lbT0ucWZyFE4ffDoEeqQ7Ad6i3JqnVdZlRDkXutMtr4_S87O7fQYFevmtygYGPJ2TMyusRctAIOYD1Xk_ZGQjEk9WkM6E2wWVQBr2zQSEl8f4AF2848g:1tAcyy:27s54VLs87keS6JSBLQVxmN3LfiN6P3NgC2-1_N9iR0",
        "expire_date": "2024-11-25T22:34:04.870Z"
    }
}, {
    "model": "sessions.session",
    "pk": "89yk1a2a8y1uiglf9ad44o7pyh1g7yja",
    "fields": {
        "session_data": ".eJxVjDEOwyAQBP9CHSEMHNgp0_sN6I6D4CTCkrGrKH-PLblIim12ZvctAm5rCVtLS5hYXIUWl9-OMD5TPQA_sN5nGee6LhPJQ5EnbXKcOb1up_t3ULCVfQ2DgmjMHrC9Bs_kQA0QswWymm3vTeccOxWRPRnokBJ6lbPx1jhG8fkCtiM3QA:1slRvh:R6bTx5MTJAOIsfoDkBMLs9CGEJljLMsAnHR_TKUIP-s",
        "expire_date": "2024-09-17T11:42:37.290Z"
    }
}, {
    "model": "sessions.session",
    "pk": "8a3wm6deh3hin7tkv3ewy9i7a3dupaoq",
    "fields": {
        "session_data": ".eJxVjLsOAiEURP-F2hDksaClvd9A7gNk1UCy7FbGf1eSLbScOWfmJSJsa4lbT0ucWZyFE4ffDoEeqQ7Ad6i3JqnVdZlRDkXutMtr4_S87O7fQYFevmtygYGPJ2TMyusRctAIOYD1Xk_ZGQjEk9WkM6E2wWVQBr2zQSEl8f4AF2848g:1tApb7:HHqN4j5ZBEDrXDfbM0zTCK-xP1YO7zu2V2XLdHYHc9g",
        "expire_date": "2024-11-26T12:02:17.313Z"
    }
}, {
    "model": "sessions.session",
    "pk": "8clwga8tcm6o7t0bxrijqq9i7lyi6uib",
    "fields": {
        "session_data": ".eJxVjDEOwyAQBP9CHSEMHNgp0_sN6I6D4CTCkrGrKH-PLblIim12ZvctAm5rCVtLS5hYXIUWl9-OMD5TPQA_sN5nGee6LhPJQ5EnbXKcOb1up_t3ULCVfQ2DgmjMHrC9Bs_kQA0QswWymm3vTeccOxWRPRnokBJ6lbPx1jhG8fkCtiM3QA:1so6gx:izDu3NydRLzkhdwnnE1cXXVoNfIwgLRQb0ckqPLIVuE",
        "expire_date": "2024-09-24T19:38:23.502Z"
    }
}, {
    "model": "sessions.session",
    "pk": "8h1qr4vo35rpzacsh79w6ei31mn9e2xs",
    "fields": {
        "session_data": ".eJxVjDEOwyAQBP9CHSEMHNgp0_sN6I6D4CTCkrGrKH-PLblIim12ZvctAm5rCVtLS5hYXIUWl9-OMD5TPQA_sN5nGee6LhPJQ5EnbXKcOb1up_t3ULCVfQ2DgmjMHrC9Bs_kQA0QswWymm3vTeccOxWRPRnokBJ6lbPx1jhG8fkCtiM3QA:1sl8zE:8zwWNA6oa7JKeWAx-IsnRqX-YoIF5y-5EX9655I9Im4",
        "expire_date": "2024-09-16T15:29:00.432Z"
    }
}, {
    "model": "sessions.session",
    "pk": "8p4v2s8bzqwm0javnfo6v0hlrkeecrao",
    "fields": {
        "session_data": ".eJxVjDEOwyAQBP9CHSEMHNgp0_sN6I6D4CTCkrGrKH-PLblIim12ZvctAm5rCVtLS5hYXIUWl9-OMD5TPQA_sN5nGee6LhPJQ5EnbXKcOb1up_t3ULCVfQ2DgmjMHrC9Bs_kQA0QswWymm3vTeccOxWRPRnokBJ6lbPx1jhG8fkCtiM3QA:1so8KI:ydKYmivHbauAPZw9cH7EHKtT0Kf_zBGdFZ9udBGsUv4",
        "expire_date": "2024-09-24T21:23:06.162Z"
    }
}, {
    "model": "sessions.session",
    "pk": "8pc4upb19ojg9fbg7aj6khw6pngbjeas",
    "fields": {
        "session_data": ".eJxVjDEOwyAQBP9CHSEMHNgp0_sN6I6D4CTCkrGrKH-PLblIim12ZvctAm5rCVtLS5hYXIUWl9-OMD5TPQA_sN5nGee6LhPJQ5EnbXKcOb1up_t3ULCVfQ2DgmjMHrC9Bs_kQA0QswWymm3vTeccOxWRPRnokBJ6lbPx1jhG8fkCtiM3QA:1tAaWp:zQi54oTjhr6IpRzrzZYaNmxTSgRpQzCztKOBwlHtnIo",
        "expire_date": "2024-11-25T19:56:51.767Z"
    }
}, {
    "model": "sessions.session",
    "pk": "9768riyrvyzgzkq1vj64wfy8kc10zypz",
    "fields": {
        "session_data": ".eJxVjLsOAiEURP-F2hDksaClvd9A7gNk1UCy7FbGf1eSLbScOWfmJSJsa4lbT0ucWZyFE4ffDoEeqQ7Ad6i3JqnVdZlRDkXutMtr4_S87O7fQYFevmtygYGPJ2TMyusRctAIOYD1Xk_ZGQjEk9WkM6E2wWVQBr2zQSEl8f4AF2848g:1tAcw3:dLuV7K4CpxyJCeW8GUcIADsscXrJp7gGKb6oWIRF8P8",
        "expire_date": "2024-11-25T22:31:03.001Z"
    }
}, {
    "model": "sessions.session",
    "pk": "98ggrn9jvy51ta6g50rkrntfwoan41xa",
    "fields": {
        "session_data": ".eJxVjMsOwiAQRf-FtSEt8hhcuu83EJgZpGogKe3K-O_apAvd3nPOfYkQt7WErfMSZhIXocXpd0sRH1x3QPdYb01iq-syJ7kr8qBdTo34eT3cv4MSe_nWHlXWgM5mIDIJxowc8-A9oD4n45Rm8nYwnh1ysiMqTp4BrCMFOrJ4fwAA1ziV:1slCet:_c5CifcGYNrpQSsmuBFr6tkhISmxQ3CGip4751fhldo",
        "expire_date": "2024-09-16T19:24:15.002Z"
    }
}, {
    "model": "sessions.session",
    "pk": "9dm8o4f7piwr1rplfdgs9odp9vo8kzds",
    "fields": {
        "session_data": ".eJxVjDEOwyAQBP9CHSEMHNgp0_sN6I6D4CTCkrGrKH-PLblIim12ZvctAm5rCVtLS5hYXIUWl9-OMD5TPQA_sN5nGee6LhPJQ5EnbXKcOb1up_t3ULCVfQ2DgmjMHrC9Bs_kQA0QswWymm3vTeccOxWRPRnokBJ6lbPx1jhG8fkCtiM3QA:1snv6r:qxnD2p8FBY1IWLD13FAR_waoei0R9yqiaCs33rT_9Aw",
        "expire_date": "2024-09-24T07:16:21.657Z"
    }
}, {
    "model": "sessions.session",
    "pk": "9q1r5pcx2ousu8wlq4zr1ke8qc66d922",
    "fields": {
        "session_data": ".eJxVjMsOwiAQAP-FsyErsC149O43kF0eUjWQlPZk_HdD0oNeZybzFp72rfi9p9UvUVyEEadfxhSeqQ4RH1TvTYZWt3VhORJ52C5vLabX9Wj_BoV6GVsGcGHSBnBii0ppY4khgiNH0c0u42w1AhJxNnTOlqPmAFkDBgAlPl_CrTda:1t2ylJ:r-uATrYL9dZKLfrefG_t9kS-x-FmpBB6pb31VYz_h3c",
        "expire_date": "2024-11-04T20:12:21.409Z"
    }
}, {
    "model": "sessions.session",
    "pk": "9y0cxnls66tmlidkd1w48xme0todm189",
    "fields": {
        "session_data": ".eJxVjLsOAiEURP-F2hDksaClvd9A7gNk1UCy7FbGf1eSLbScOWfmJSJsa4lbT0ucWZyFE4ffDoEeqQ7Ad6i3JqnVdZlRDkXutMtr4_S87O7fQYFevmtygYGPJ2TMyusRctAIOYD1Xk_ZGQjEk9WkM6E2wWVQBr2zQSEl8f4AF2848g:1tApbp:w4FZpSi_1ZHDmLhda366v505SIpwYqxDSS2nXzZlVvo",
        "expire_date": "2024-11-26T12:03:01.326Z"
    }
}, {
    "model": "sessions.session",
    "pk": "a54bwe9478woeex1d8s0yv625iec98gg",
    "fields": {
        "session_data": ".eJxVjMsOwiAQRf-FtSEt8hhcuu83EJgZpGogKe3K-O_apAvd3nPOfYkQt7WErfMSZhIXocXpd0sRH1x3QPdYb01iq-syJ7kr8qBdTo34eT3cv4MSe_nWHlXWgM5mIDIJxowc8-A9oD4n45Rm8nYwnh1ysiMqTp4BrCMFOrJ4fwAA1ziV:1slW1X:q8Qr3T1iQVLp1NU6Pq92WuRnuaoZykNaTj6P-y3mTvg",
        "expire_date": "2024-09-17T16:04:55.293Z"
    }
}, {
    "model": "sessions.session",
    "pk": "aa0y8j5vqbkzv5krwghhgvwte06pd2jf",
    "fields": {
        "session_data": ".eJxVjLsOAiEURP-F2hDksaClvd9A7gNk1UCy7FbGf1eSLbScOWfmJSJsa4lbT0ucWZyFE4ffDoEeqQ7Ad6i3JqnVdZlRDkXutMtr4_S87O7fQYFevmtygYGPJ2TMyusRctAIOYD1Xk_ZGQjEk9WkM6E2wWVQBr2zQSEl8f4AF2848g:1tAqWK:LLAJoQewAwg-k_zi2sMN5dtTP2sRT-ZMuIwtHbPD6jc",
        "expire_date": "2024-11-26T13:01:24.377Z"
    }
}, {
    "model": "sessions.session",
    "pk": "ai01wqgcagl9mpb5jbsrnju6edxj8q0e",
    "fields": {
        "session_data": ".eJxVjDsOwyAQBe9CHSH-mJTpfQa0C0twEmHJ2FWUu0dILpL2zcx7swjHXuPRaYtLZlem2OV3Q0hPagPkB7T7ytPa9m1BPhR-0s7nNdPrdrp_BxV6HXVAIb3xUjkNCEZrdBaLd9rIHKwWhCQ8GuXApUKThTCJ4IogSbZ4YJ8vzPs3oQ:1tAIa9:panHTixUOD9O0egkJgEmwVStRkksj8WYYv7RRjckxS4",
        "expire_date": "2024-11-25T00:47:05.282Z"
    }
}, {
    "model": "sessions.session",
    "pk": "anaht71480p4w5nizf77i5pwrhqg0waj",
    "fields": {
        "session_data": ".eJxVjDsOwyAQBe9CHSH-mJTpfQa0C0twEmHJ2FWUu0dILpL2zcx7swjHXuPRaYtLZlem2OV3Q0hPagPkB7T7ytPa9m1BPhR-0s7nNdPrdrp_BxV6HXVAIb3xUjkNCEZrdBaLd9rIHKwWhCQ8GuXApUKThTCJ4IogSbZ4YJ8vzPs3oQ:1tAJ81:wKnhLo4hlEPwVAT3dFsPTEyM-z-bGKLRk9sNP8CZNos",
        "expire_date": "2024-11-25T01:22:05.789Z"
    }
}, {
    "model": "sessions.session",
    "pk": "aw083duzhop1n87ji3rov8g5gmixtfwd",
    "fields": {
        "session_data": ".eJxVjLsOAiEURP-F2hDksaClvd9A7gNk1UCy7FbGf1eSLbScOWfmJSJsa4lbT0ucWZyFE4ffDoEeqQ7Ad6i3JqnVdZlRDkXutMtr4_S87O7fQYFevmtygYGPJ2TMyusRctAIOYD1Xk_ZGQjEk9WkM6E2wWVQBr2zQSEl8f4AF2848g:1tAcvK:7JLwVOaOwY6nxBilj0qdvEjy4w7j_U4oKtQCbHnfLWk",
        "expire_date": "2024-11-25T22:30:18.049Z"
    }
}, {
    "model": "sessions.session",
    "pk": "b6yitqbstot8f85bb6vyvlx4vsn9pwup",
    "fields": {
        "session_data": ".eJxVjDEOwyAQBP9CHSEMHNgp0_sN6I6D4CTCkrGrKH-PLblIim12ZvctAm5rCVtLS5hYXIUWl9-OMD5TPQA_sN5nGee6LhPJQ5EnbXKcOb1up_t3ULCVfQ2DgmjMHrC9Bs_kQA0QswWymm3vTeccOxWRPRnokBJ6lbPx1jhG8fkCtiM3QA:1t10i8:a6j4bvz3oZizjj_osutfWv1dVWy0eCDDQtBxH_IBAfk",
        "expire_date": "2024-10-30T09:52:56.313Z"
    }
}, {
    "model": "sessions.session",
    "pk": "b7bv1lubkfpir1hjnnnv7va6n00p6xfa",
    "fields": {
        "session_data": ".eJxVjMsOwiAQRf-FtSHA8HTp3m8gAwNSNTQp7cr479qkC93ec859sYjb2uI2yhInYmfm2Ol3S5gfpe-A7thvM89zX5cp8V3hBx38OlN5Xg7376DhaN9amICQqMrkRfGZFChLUIxU2rhatUwKNRCFAORFzTY5RFMpe7AVnGfvD-4rODw:1sv9VN:YrA5CkqQfZnBtXrvWuQbG9Oxe3Zg9dPRF4qyfCugOFk",
        "expire_date": "2024-10-14T06:03:33.014Z"
    }
}, {
    "model": "sessions.session",
    "pk": "b8iyjljtjcil1bl5sy3g99j3d1drs4nc",
    "fields": {
        "session_data": ".eJxVjLsOAiEURP-F2hDksaClvd9A7gNk1UCy7FbGf1eSLbScOWfmJSJsa4lbT0ucWZyFE4ffDoEeqQ7Ad6i3JqnVdZlRDkXutMtr4_S87O7fQYFevmtygYGPJ2TMyusRctAIOYD1Xk_ZGQjEk9WkM6E2wWVQBr2zQSEl8f4AF2848g:1t9uoD:k9fm_rMn4rSiDdpvaJ-ZstMgbnftLDhpNKEYtScO944",
        "expire_date": "2024-11-23T23:24:01.990Z"
    }
}, {
    "model": "sessions.session",
    "pk": "b97h12dibkjd8jekfpx2v2w09x7axnpz",
    "fields": {
        "session_data": ".eJxVjMsOwiAQRf-FtSHA8HTp3m8gAwNSNTQp7cr479qkC93ec859sYjb2uI2yhInYmfm2Ol3S5gfpe-A7thvM89zX5cp8V3hBx38OlN5Xg7376DhaN9amICQqMrkRfGZFChLUIxU2rhatUwKNRCFAORFzTY5RFMpe7AVnGfvD-4rODw:1sv9uq:ALnztot7SxvTffB5VKJ9TRYxW5gvNq8roL4dfANOF44",
        "expire_date": "2024-10-14T06:29:52.125Z"
    }
}, {
    "model": "sessions.session",
    "pk": "bbk51retjgvw3wubzau0aoghbl5ld6kp",
    "fields": {
        "session_data": ".eJxVjDsOwyAQBe9CHSH-mJTpfQa0C0twEmHJ2FWUu0dILpL2zcx7swjHXuPRaYtLZlem2OV3Q0hPagPkB7T7ytPa9m1BPhR-0s7nNdPrdrp_BxV6HXVAIb3xUjkNCEZrdBaLd9rIHKwWhCQ8GuXApUKThTCJ4IogSbZ4YJ8vzPs3oQ:1tAKW9:K5PX9XcGA2-AFmYeRa8wLz95tnJdo9cWRoSQ5bfSq7o",
        "expire_date": "2024-11-25T02:51:05.268Z"
    }
}, {
    "model": "sessions.session",
    "pk": "biq5h4fm4ixabghx69b8cedldwvdf23k",
    "fields": {
        "session_data": ".eJxVjLsOAiEURP-F2hDksaClvd9A7gNk1UCy7FbGf1eSLbScOWfmJSJsa4lbT0ucWZyFE4ffDoEeqQ7Ad6i3JqnVdZlRDkXutMtr4_S87O7fQYFevmtygYGPJ2TMyusRctAIOYD1Xk_ZGQjEk9WkM6E2wWVQBr2zQSEl8f4AF2848g:1tBCfv:VAOeLdWPe-fiav0vqXT_SdmOC1eIjN7pqFwopiDpR_A",
        "expire_date": "2024-11-27T12:40:47.514Z"
    }
}, {
    "model": "sessions.session",
    "pk": "bk81qto4zeocqxiwuxdzgdno9iptzons",
    "fields": {
        "session_data": ".eJxVjLsOAiEURP-F2hDksaClvd9A7gNk1UCy7FbGf1eSLbScOWfmJSJsa4lbT0ucWZyFE4ffDoEeqQ7Ad6i3JqnVdZlRDkXutMtr4_S87O7fQYFevmtygYGPJ2TMyusRctAIOYD1Xk_ZGQjEk9WkM6E2wWVQBr2zQSEl8f4AF2848g:1tAckd:DfD0Oe_Ra7zwXj8IRI3nijKpixUwxNzvxs97caU16A8",
        "expire_date": "2024-11-25T22:19:15.343Z"
    }
}, {
    "model": "sessions.session",
    "pk": "bmfayedtxlojk15q7t2u3inctli9xzb8",
    "fields": {
        "session_data": ".eJxVjLsOAiEURP-F2hDksaClvd9A7gNk1UCy7FbGf1eSLbScOWfmJSJsa4lbT0ucWZyFE4ffDoEeqQ7Ad6i3JqnVdZlRDkXutMtr4_S87O7fQYFevmtygYGPJ2TMyusRctAIOYD1Xk_ZGQjEk9WkM6E2wWVQBr2zQSEl8f4AF2848g:1tApBZ:hqsGfB-Xa430RNaAPrjpwk0_p7Da7elBfuSYvddig2Y",
        "expire_date": "2024-11-26T11:35:53.680Z"
    }
}, {
    "model": "sessions.session",
    "pk": "bos98k8fgxg8ii4y8lg0xk1oh8c3cj0q",
    "fields": {
        "session_data": ".eJxVjDEOwyAQBP9CHSEMHNgp0_sN6I6D4CTCkrGrKH-PLblIim12ZvctAm5rCVtLS5hYXIUWl9-OMD5TPQA_sN5nGee6LhPJQ5EnbXKcOb1up_t3ULCVfQ2DgmjMHrC9Bs_kQA0QswWymm3vTeccOxWRPRnokBJ6lbPx1jhG8fkCtiM3QA:1sl62M:SYx_khEPwekJDeTsQEk7KxoZa-XOa2svy-32NEh8PXE",
        "expire_date": "2024-09-16T12:20:02.832Z"
    }
}, {
    "model": "sessions.session",
    "pk": "bpcxxf92wmhg3zscmglzt48j3w43w3p4",
    "fields": {
        "session_data": ".eJxVjMsOwiAQAP-FsyErsC149O43kF0eUjWQlPZk_HdD0oNeZybzFp72rfi9p9UvUVyEEadfxhSeqQ4RH1TvTYZWt3VhORJ52C5vLabX9Wj_BoV6GVsGcGHSBnBii0ppY4khgiNH0c0u42w1AhJxNnTOlqPmAFkDBgAlPl_CrTda:1snCZu:rwPI-KwseSKaPj5uwRBxhixn08ZdHl07DImwtQCzt4k",
        "expire_date": "2024-09-22T07:43:22.176Z"
    }
}, {
    "model": "sessions.session",
    "pk": "brz20f0j57iv2e3ab2vy81h0sgfsfkr8",
    "fields": {
        "session_data": ".eJxVjDEOwyAQBP9CHSEMHNgp0_sN6I6D4CTCkrGrKH-PLblIim12ZvctAm5rCVtLS5hYXIUWl9-OMD5TPQA_sN5nGee6LhPJQ5EnbXKcOb1up_t3ULCVfQ2DgmjMHrC9Bs_kQA0QswWymm3vTeccOxWRPRnokBJ6lbPx1jhG8fkCtiM3QA:1sl62N:R_EKI4SjJAS6fR5Svu75EuCzvD2xs6ChwVxvp9UT4qg",
        "expire_date": "2024-09-16T12:20:03.480Z"
    }
}, {
    "model": "sessions.session",
    "pk": "c1277266ced2d2hf57c8nobavclv5fnp",
    "fields": {
        "session_data": ".eJxVjLsOAiEURP-F2hDksaClvd9A7gNk1UCy7FbGf1eSLbScOWfmJSJsa4lbT0ucWZyFE4ffDoEeqQ7Ad6i3JqnVdZlRDkXutMtr4_S87O7fQYFevmtygYGPJ2TMyusRctAIOYD1Xk_ZGQjEk9WkM6E2wWVQBr2zQSEl8f4AF2848g:1tAoKu:GaiYXQzEJnCORuGCwlVkIySYpKWT1E7rkCuh-_ycVGo",
        "expire_date": "2024-11-26T10:41:28.455Z"
    }
}, {
    "model": "sessions.session",
    "pk": "c19c8k030nqu7cpf0w0u191ii5ynvj0j",
    "fields": {
        "session_data": ".eJxVjMsOwiAQRf-FtSEt8hhcuu83EJgZpGogKe3K-O_apAvd3nPOfYkQt7WErfMSZhIXocXpd0sRH1x3QPdYb01iq-syJ7kr8qBdTo34eT3cv4MSe_nWHlXWgM5mIDIJxowc8-A9oD4n45Rm8nYwnh1ysiMqTp4BrCMFOrJ4fwAA1ziV:1sl62A:Oo-Syh2GyWKWK9aCdkvCSEL0vPj3D2NrEouykyzyDS4",
        "expire_date": "2024-09-16T12:19:50.619Z"
    }
}, {
    "model": "sessions.session",
    "pk": "c1kwtibzs25ebyp2055tzet5psvt4j5z",
    "fields": {
        "session_data": ".eJxVjLsOAiEURP-F2hDksaClvd9A7gNk1UCy7FbGf1eSLbScOWfmJSJsa4lbT0ucWZyFE4ffDoEeqQ7Ad6i3JqnVdZlRDkXutMtr4_S87O7fQYFevmtygYGPJ2TMyusRctAIOYD1Xk_ZGQjEk9WkM6E2wWVQBr2zQSEl8f4AF2848g:1tAp3H:KfTgh1TftbOz_-1cnp4HzWM17apQrbRBJ6G9a1afkTw",
        "expire_date": "2024-11-26T11:27:19.438Z"
    }
}, {
    "model": "sessions.session",
    "pk": "c5fcnbaamfli2bf45tilrm107r8bezv3",
    "fields": {
        "session_data": ".eJxVjMsOwiAQAP-FsyErsC149O43kF0eUjWQlPZk_HdD0oNeZybzFp72rfi9p9UvUVyEEadfxhSeqQ4RH1TvTYZWt3VhORJ52C5vLabX9Wj_BoV6GVsGcGHSBnBii0ppY4khgiNH0c0u42w1AhJxNnTOlqPmAFkDBgAlPl_CrTda:1t8cHQ:UsJJurEUPC_YylELwb6jljZ-1emCJknJksJQRI7jIns",
        "expire_date": "2024-11-20T09:24:48.489Z"
    }
}, {
    "model": "sessions.session",
    "pk": "c5jm4ifxjeh9224sf6fc8e3l2gl7i50m",
    "fields": {
        "session_data": ".eJxVjLsOAiEURP-F2hDksaClvd9A7gNk1UCy7FbGf1eSLbScOWfmJSJsa4lbT0ucWZyFE4ffDoEeqQ7Ad6i3JqnVdZlRDkXutMtr4_S87O7fQYFevmtygYGPJ2TMyusRctAIOYD1Xk_ZGQjEk9WkM6E2wWVQBr2zQSEl8f4AF2848g:1tAd57:P9qe7mkB3EMlIyz93YDe6Y4VFCuTNq1R6P0Wdi_BfTs",
        "expire_date": "2024-11-25T22:40:25.792Z"
    }
}, {
    "model": "sessions.session",
    "pk": "cadx89sgep0bmsncdyxu4bd0pfaqaljr",
    "fields": {
        "session_data": ".eJxVjLsOAiEURP-F2hDksaClvd9A7gNk1UCy7FbGf1eSLbScOWfmJSJsa4lbT0ucWZyFE4ffDoEeqQ7Ad6i3JqnVdZlRDkXutMtr4_S87O7fQYFevmtygYGPJ2TMyusRctAIOYD1Xk_ZGQjEk9WkM6E2wWVQBr2zQSEl8f4AF2848g:1tAcvx:IcAqcNCKHHkn0qagbMiHyRcl6FWxmg-QQF-vJllKdi8",
        "expire_date": "2024-11-25T22:30:57.633Z"
    }
}, {
    "model": "sessions.session",
    "pk": "cf7vimee5ajskv6fim55my5rwoy7q1y5",
    "fields": {
        "session_data": ".eJxVjDEOwyAQBP9CHSEMHNgp0_sN6I6D4CTCkrGrKH-PLblIim12ZvctAm5rCVtLS5hYXIUWl9-OMD5TPQA_sN5nGee6LhPJQ5EnbXKcOb1up_t3ULCVfQ2DgmjMHrC9Bs_kQA0QswWymm3vTeccOxWRPRnokBJ6lbPx1jhG8fkCtiM3QA:1stXXb:wXi-VGwwTcqQOTQoFY3kAH3Q2VmjwZeVLlN3V2iIz_A",
        "expire_date": "2024-10-09T19:19:11.785Z"
    }
}, {
    "model": "sessions.session",
    "pk": "cjyyhlsdzhoo20o3suzd39if0m8ks3ag",
    "fields": {
        "session_data": ".eJxVjLsOAiEURP-F2hDksaClvd9A7gNk1UCy7FbGf1eSLbScOWfmJSJsa4lbT0ucWZyFE4ffDoEeqQ7Ad6i3JqnVdZlRDkXutMtr4_S87O7fQYFevmtygYGPJ2TMyusRctAIOYD1Xk_ZGQjEk9WkM6E2wWVQBr2zQSEl8f4AF2848g:1tAcm8:8vniEove2O7zHLpXFQaImTeCeEyRoVSIfZvBatrsAEA",
        "expire_date": "2024-11-25T22:20:48.231Z"
    }
}, {
    "model": "sessions.session",
    "pk": "ct5sj81fkpit9xg6othioj2ajkaljhv2",
    "fields": {
        "session_data": ".eJxVjMsOwiAQAP-FsyErsC149O43kF0eUjWQlPZk_HdD0oNeZybzFp72rfi9p9UvUVyEEadfxhSeqQ4RH1TvTYZWt3VhORJ52C5vLabX9Wj_BoV6GVsGcGHSBnBii0ppY4khgiNH0c0u42w1AhJxNnTOlqPmAFkDBgAlPl_CrTda:1tAYT1:x0ayt_zR_VYsg_xH-Jx2ylavz-786SI9UdakYpmFMMY",
        "expire_date": "2024-11-25T17:44:47.772Z"
    }
}, {
    "model": "sessions.session",
    "pk": "cuuaef5h4xng349g90as2xrad1mvslh3",
    "fields": {
        "session_data": ".eJxVjLsOAiEURP-F2hDksaClvd9A7gNk1UCy7FbGf1eSLbScOWfmJSJsa4lbT0ucWZyFE4ffDoEeqQ7Ad6i3JqnVdZlRDkXutMtr4_S87O7fQYFevmtygYGPJ2TMyusRctAIOYD1Xk_ZGQjEk9WkM6E2wWVQBr2zQSEl8f4AF2848g:1tAcSk:ycFnvvvHDls_5ZXS21tCytS7vmFFEcDKiOtmiUAjouI",
        "expire_date": "2024-11-25T22:00:46.365Z"
    }
}, {
    "model": "sessions.session",
    "pk": "cw7jg6c9gs4s0iylli1gq7517dwzf9es",
    "fields": {
        "session_data": ".eJxVjLsOAiEURP-F2hDksaClvd9A7gNk1UCy7FbGf1eSLbScOWfmJSJsa4lbT0ucWZyFE4ffDoEeqQ7Ad6i3JqnVdZlRDkXutMtr4_S87O7fQYFevmtygYGPJ2TMyusRctAIOYD1Xk_ZGQjEk9WkM6E2wWVQBr2zQSEl8f4AF2848g:1tApbq:15KUIMzOVTj__cZaojX81SSgNVgFjuN0UdoRW2yyMnE",
        "expire_date": "2024-11-26T12:03:02.950Z"
    }
}, {
    "model": "sessions.session",
    "pk": "cytyiv6tmja2blcozpfncmc19qqe02x4",
    "fields": {
        "session_data": ".eJxVjMsOwiAQAP-FsyErsC149O43kF0eUjWQlPZk_HdD0oNeZybzFp72rfi9p9UvUVyEEadfxhSeqQ4RH1TvTYZWt3VhORJ52C5vLabX9Wj_BoV6GVsGcGHSBnBii0ppY4khgiNH0c0u42w1AhJxNnTOlqPmAFkDBgAlPl_CrTda:1t5osZ:Ipz6DIInAyjKXQXWwlXHAlV64dXplpNSFM_8JrmdC8M",
        "expire_date": "2024-11-12T16:15:35.923Z"
    }
}, {
    "model": "sessions.session",
    "pk": "d2xy1dlr8j4quvv7uwgoyd11tpf2a8z2",
    "fields": {
        "session_data": ".eJxVjLsOAiEURP-F2hDksaClvd9A7gNk1UCy7FbGf1eSLbScOWfmJSJsa4lbT0ucWZyFE4ffDoEeqQ7Ad6i3JqnVdZlRDkXutMtr4_S87O7fQYFevmtygYGPJ2TMyusRctAIOYD1Xk_ZGQjEk9WkM6E2wWVQBr2zQSEl8f4AF2848g:1so8AK:IfjdBrVlmRu_sPor5vRvS6CidHLPPSEWfXNBr_cMbc8",
        "expire_date": "2024-09-24T21:12:48.647Z"
    }
}, {
    "model": "sessions.session",
    "pk": "d37td29lflt3t8uukv8baly4diq6a6i5",
    "fields": {
        "session_data": ".eJxVjLsOAiEURP-F2hDksaClvd9A7gNk1UCy7FbGf1eSLbScOWfmJSJsa4lbT0ucWZyFE4ffDoEeqQ7Ad6i3JqnVdZlRDkXutMtr4_S87O7fQYFevmtygYGPJ2TMyusRctAIOYD1Xk_ZGQjEk9WkM6E2wWVQBr2zQSEl8f4AF2848g:1tAqWB:rAdx6xkIEl_5pIym8qK5w4rhql5e-sMnQHIVet0_k-o",
        "expire_date": "2024-11-26T13:01:15.509Z"
    }
}, {
    "model": "sessions.session",
    "pk": "d9f84hj7hfnw0j5ujc71m75texpuriyh",
    "fields": {
        "session_data": ".eJxVjDEOwyAQBP9CHSEMHNgp0_sN6I6D4CTCkrGrKH-PLblIim12ZvctAm5rCVtLS5hYXIUWl9-OMD5TPQA_sN5nGee6LhPJQ5EnbXKcOb1up_t3ULCVfQ2DgmjMHrC9Bs_kQA0QswWymm3vTeccOxWRPRnokBJ6lbPx1jhG8fkCtiM3QA:1tAaWa:5vp5rRJ5nE1KcqVq4BwwlToY2TXhVii9bo_KDopHHgo",
        "expire_date": "2024-11-25T19:56:36.868Z"
    }
}, {
    "model": "sessions.session",
    "pk": "ddcg4ames6t7g6a48b8kokdoggpibqhw",
    "fields": {
        "session_data": ".eJxVjDsOwyAQBe9CHSH-mJTpfQa0C0twEmHJ2FWUu0dILpL2zcx7swjHXuPRaYtLZlem2OV3Q0hPagPkB7T7ytPa9m1BPhR-0s7nNdPrdrp_BxV6HXVAIb3xUjkNCEZrdBaLd9rIHKwWhCQ8GuXApUKThTCJ4IogSbZ4YJ8vzPs3oQ:1tAJ6Z:gWvIS4ljNxLtef3hOt0rUQjK4Qz1Z4aryQTuRDpS2_c",
        "expire_date": "2024-11-25T01:20:35.206Z"
    }
}, {
    "model": "sessions.session",
    "pk": "dflxemja2ygokp1ffpe1onwh438jt9dn",
    "fields": {
        "session_data": ".eJxVjLsOAiEURP-F2hDksaClvd9A7gNk1UCy7FbGf1eSLbScOWfmJSJsa4lbT0ucWZyFE4ffDoEeqQ7Ad6i3JqnVdZlRDkXutMtr4_S87O7fQYFevmtygYGPJ2TMyusRctAIOYD1Xk_ZGQjEk9WkM6E2wWVQBr2zQSEl8f4AF2848g:1tAzS5:4eruYotQp2Qt6m0JIdlej7SirPhXWRTqHaqiWeiQ5BY",
        "expire_date": "2024-11-26T22:33:37.863Z"
    }
}, {
    "model": "sessions.session",
    "pk": "doehu920f59hj7ldgv6muoonmi0ikupz",
    "fields": {
        "session_data": ".eJxVjEEOwiAQRe_C2hAoZUCX7j0DGYZBqgaS0q6MdzckXej2v_f-WwTctxL2zmtYkriISZx-t4j05DpAemC9N0mtbusS5VDkQbu8tcSv6-H-HRTsZdQZ00zJgmKPSNoAw5R9JOvP2TrtVISZtctsktNokImBMkDMBN4p8fkCEgU4_w:1skjhR:pXcOXUZSh_rThbN2DWY0krZUxDw4TrVNcXjTmM53DlI",
        "expire_date": "2024-09-15T12:28:57.969Z"
    }
}, {
    "model": "sessions.session",
    "pk": "dxwi3ihg6augsgwncblolwgueqvun4lh",
    "fields": {
        "session_data": ".eJxVjDEOwyAQBP9CHSEMHNgp0_sN6I6D4CTCkrGrKH-PLblIim12ZvctAm5rCVtLS5hYXIUWl9-OMD5TPQA_sN5nGee6LhPJQ5EnbXKcOb1up_t3ULCVfQ2DgmjMHrC9Bs_kQA0QswWymm3vTeccOxWRPRnokBJ6lbPx1jhG8fkCtiM3QA:1t9U92:u7a0dqjPH2kFZo15Ynyu3hEUjO1-M_hRQjaDTOG57IE",
        "expire_date": "2024-11-22T18:55:44.346Z"
    }
}, {
    "model": "sessions.session",
    "pk": "e6liwvhe77mztpfemh8dpq8kxcpl1ese",
    "fields": {
        "session_data": ".eJxVjLsOAiEURP-F2hDksaClvd9A7gNk1UCy7FbGf1eSLbScOWfmJSJsa4lbT0ucWZyFE4ffDoEeqQ7Ad6i3JqnVdZlRDkXutMtr4_S87O7fQYFevmtygYGPJ2TMyusRctAIOYD1Xk_ZGQjEk9WkM6E2wWVQBr2zQSEl8f4AF2848g:1tApay:ZNTTUV2ir6RENkTSk4cxGWfdE_b6lajiZQIwid95AGk",
        "expire_date": "2024-11-26T12:02:08.008Z"
    }
}, {
    "model": "sessions.session",
    "pk": "ehyb60bn0m5seev2h6i70dunndhxdi6i",
    "fields": {
        "session_data": ".eJxVjLsOAiEURP-F2hDksaClvd9A7gNk1UCy7FbGf1eSLbScOWfmJSJsa4lbT0ucWZyFE4ffDoEeqQ7Ad6i3JqnVdZlRDkXutMtr4_S87O7fQYFevmtygYGPJ2TMyusRctAIOYD1Xk_ZGQjEk9WkM6E2wWVQBr2zQSEl8f4AF2848g:1tAcvW:y3__0Owh6EYR-27y1Dc6nf8KgKO0lHiPDC5PlQrl_gY",
        "expire_date": "2024-11-25T22:30:30.753Z"
    }
}, {
    "model": "sessions.session",
    "pk": "ek6wadqd4in06mcpc0odgq8ootvm1bf9",
    "fields": {
        "session_data": ".eJxVjLsOAiEURP-F2hDksaClvd9A7gNk1UCy7FbGf1eSLbScOWfmJSJsa4lbT0ucWZyFE4ffDoEeqQ7Ad6i3JqnVdZlRDkXutMtr4_S87O7fQYFevmtygYGPJ2TMyusRctAIOYD1Xk_ZGQjEk9WkM6E2wWVQBr2zQSEl8f4AF2848g:1tAcKC:_YGYmFHIw7mG92f1J9BIJmko2V87OkEVD3jtrFA3sY8",
        "expire_date": "2024-11-25T21:51:56.110Z"
    }
}, {
    "model": "sessions.session",
    "pk": "eubpas8febw6tuyqk0zmyurfyro80hsa",
    "fields": {
        "session_data": ".eJxVjDEOwyAQBP9CHSEMHNgp0_sN6I6D4CTCkrGrKH-PLblIim12ZvctAm5rCVtLS5hYXIUWl9-OMD5TPQA_sN5nGee6LhPJQ5EnbXKcOb1up_t3ULCVfQ2DgmjMHrC9Bs_kQA0QswWymm3vTeccOxWRPRnokBJ6lbPx1jhG8fkCtiM3QA:1soK5O:LCxu5IScg-12ART4qcU6-_vVGCHhIezhHZO9DXo2uzM",
        "expire_date": "2024-09-25T09:56:30.610Z"
    }
}, {
    "model": "sessions.session",
    "pk": "evgrxffgpiu3kl7w6dj0y47pwa3etcme",
    "fields": {
        "session_data": ".eJxVjDEOwyAQBP9CHSEMHNgp0_sN6I6D4CTCkrGrKH-PLblIim12ZvctAm5rCVtLS5hYXIUWl9-OMD5TPQA_sN5nGee6LhPJQ5EnbXKcOb1up_t3ULCVfQ2DgmjMHrC9Bs_kQA0QswWymm3vTeccOxWRPRnokBJ6lbPx1jhG8fkCtiM3QA:1t9CJD:Kba_07o07gVveZXRoMwh-iB4xGpiMiEzQUSE-WBiBgI",
        "expire_date": "2024-11-21T23:53:03.296Z"
    }
}, {
    "model": "sessions.session",
    "pk": "ex1p3fdjhgwl0ovlctgvmbzkpbqkoe1p",
    "fields": {
        "session_data": ".eJxVjEEOwiAQRe_C2hAYEKhL956BwDAjVUOT0q6Md7dNutDte-__t4hpXWpcO81xLOIi9CBOvzAnfFLbTXmkdp8kTm2Zxyz3RB62y9tU6HU92r-Dmnrd1slpB2ACICNA4eCVG4JVTOzzWVtrDStPJaFnY4oxYDFkZbPfCFEQny_5eTgM:1tBBvF:yI3c7o0YiisidXH72dUto_6aalGFUCFyfAMmTI-pxXw",
        "expire_date": "2024-11-27T11:52:33.956Z"
    }
}, {
    "model": "sessions.session",
    "pk": "ey3s318h6xtbkdhvtxn4pc9qdq08oqdg",
    "fields": {
        "session_data": ".eJxVjDEOwyAQBP9CHSEMHNgp0_sN6I6D4CTCkrGrKH-PLblIim12ZvctAm5rCVtLS5hYXIUWl9-OMD5TPQA_sN5nGee6LhPJQ5EnbXKcOb1up_t3ULCVfQ2DgmjMHrC9Bs_kQA0QswWymm3vTeccOxWRPRnokBJ6lbPx1jhG8fkCtiM3QA:1skkSA:ZKlmCKbU0kmFv3PobZQQrdHMOBBZ1So0VrnbCvUvv7Q",
        "expire_date": "2024-09-15T13:17:14.768Z"
    }
}, {
    "model": "sessions.session",
    "pk": "f72nru72v4fwtsoirmt4rrpk0xnoz2g8",
    "fields": {
        "session_data": ".eJxVjLsOAiEURP-F2hDksaClvd9A7gNk1UCy7FbGf1eSLbScOWfmJSJsa4lbT0ucWZyFE4ffDoEeqQ7Ad6i3JqnVdZlRDkXutMtr4_S87O7fQYFevmtygYGPJ2TMyusRctAIOYD1Xk_ZGQjEk9WkM6E2wWVQBr2zQSEl8f4AF2848g:1tAoKp:i55Lb8wb03xPN3fsFg-qVdSvzTgYZ-kePOKbBz5MeaQ",
        "expire_date": "2024-11-26T10:41:23.021Z"
    }
}, {
    "model": "sessions.session",
    "pk": "fbmhwo7ep3fljttmtg1gbnrvgbtetcbp",
    "fields": {
        "session_data": ".eJxVjLsOAiEURP-F2hDksaClvd9A7gNk1UCy7FbGf1eSLbScOWfmJSJsa4lbT0ucWZyFE4ffDoEeqQ7Ad6i3JqnVdZlRDkXutMtr4_S87O7fQYFevmtygYGPJ2TMyusRctAIOYD1Xk_ZGQjEk9WkM6E2wWVQBr2zQSEl8f4AF2848g:1tAf2U:dVxZIxZ5ghNntXCDWTPhar6i8KdCseJjhDIQ41EgAZk",
        "expire_date": "2024-11-26T00:45:50.461Z"
    }
}, {
    "model": "sessions.session",
    "pk": "febb3tzofflo3b51d12lqcs987q0ojo0",
    "fields": {
        "session_data": ".eJxljMEOwiAQBf-Fc0NaKIV69O43kIVdLIqQtMWL8d-1pjExXmfmvQcD70vNq73THEMktHSDmNgh15Sar60LzezANGuYhbpOH2Aj_jMH_kp5E3iBfC7cl7zO0fEt4btd-KkgpePe_hxMsEzvdatGkA5D50xLxqOQYkBJqhO90iH0nRPQS8RxlGja4AenAVRAb-QQpDbs-QKFEUnS:1sv9Rf:2WKfU4l9lIu_QxljMV5twA8-pPa7TEEKC1QEZ5uTBbk",
        "expire_date": "2024-10-14T05:59:43.691Z"
    }
}, {
    "model": "sessions.session",
    "pk": "fn6gtynh9tb9ejrlc8cs3ej0td3ao1ea",
    "fields": {
        "session_data": ".eJxVjMsOwiAQAP-FsyErsC149O43kF0eUjWQlPZk_HdD0oNeZybzFp72rfi9p9UvUVyEEadfxhSeqQ4RH1TvTYZWt3VhORJ52C5vLabX9Wj_BoV6GVsGcGHSBnBii0ppY4khgiNH0c0u42w1AhJxNnTOlqPmAFkDBgAlPl_CrTda:1tAa5v:ZttRGK5yDj7oY5trsWGxPf8_o_6ZwAfc9ORaxsjJg_E",
        "expire_date": "2024-11-25T19:29:03.357Z"
    }
}, {
    "model": "sessions.session",
    "pk": "fn8bemt3ysro36zvsbzbzmugsdbl8c95",
    "fields": {
        "session_data": ".eJxVjLsOAiEURP-F2hDksaClvd9A7gNk1UCy7FbGf1eSLbScOWfmJSJsa4lbT0ucWZyFE4ffDoEeqQ7Ad6i3JqnVdZlRDkXutMtr4_S87O7fQYFevmtygYGPJ2TMyusRctAIOYD1Xk_ZGQjEk9WkM6E2wWVQBr2zQSEl8f4AF2848g:1tApbK:kEtzIGkBp7r1ermYgoV3zZIs3j6kT8x3Vclz6i_s2H8",
        "expire_date": "2024-11-26T12:02:30.906Z"
    }
}, {
    "model": "sessions.session",
    "pk": "fott4e1c64rtljn80040kgo3v2lapfas",
    "fields": {
        "session_data": ".eJxVjLsOAiEURP-F2hDksaClvd9A7gNk1UCy7FbGf1eSLbScOWfmJSJsa4lbT0ucWZyFE4ffDoEeqQ7Ad6i3JqnVdZlRDkXutMtr4_S87O7fQYFevmtygYGPJ2TMyusRctAIOYD1Xk_ZGQjEk9WkM6E2wWVQBr2zQSEl8f4AF2848g:1tAdjl:HTU4pQ8UNLNEQS3uv672IjDRLy4qtPq6YBz5hXJD3rQ",
        "expire_date": "2024-11-25T23:22:25.714Z"
    }
}, {
    "model": "sessions.session",
    "pk": "fsuzkwzet17snxmdopl3so69vt8q64w3",
    "fields": {
        "session_data": ".eJxVjLsOAiEURP-F2hDksaClvd9A7gNk1UCy7FbGf1eSLbScOWfmJSJsa4lbT0ucWZyFE4ffDoEeqQ7Ad6i3JqnVdZlRDkXutMtr4_S87O7fQYFevmtygYGPJ2TMyusRctAIOYD1Xk_ZGQjEk9WkM6E2wWVQBr2zQSEl8f4AF2848g:1tApBb:GLyblXhCWS4dY1Xje8EYJZe15bYlAnHkodNbJ1IxzjQ",
        "expire_date": "2024-11-26T11:35:55.978Z"
    }
}, {
    "model": "sessions.session",
    "pk": "ftjsjvcuuv239tjhy9mgtucy1xn44pmr",
    "fields": {
        "session_data": ".eJxVjMsOwiAQAP-FsyErsC149O43kF0eUjWQlPZk_HdD0oNeZybzFp72rfi9p9UvUVyEEadfxhSeqQ4RH1TvTYZWt3VhORJ52C5vLabX9Wj_BoV6GVsGcGHSBnBii0ppY4khgiNH0c0u42w1AhJxNnTOlqPmAFkDBgAlPl_CrTda:1tAaVw:ZYp-T1fpFpyWSg9ZPcEtMm4Pf8gNBIk0v9FeBQHmt08",
        "expire_date": "2024-11-25T19:55:56.232Z"
    }
}, {
    "model": "sessions.session",
    "pk": "fuc52kv7na1jh5d0j5bq2nh4gvkzw8wl",
    "fields": {
        "session_data": ".eJxVjMsOwiAQAP-FsyErsC149O43kF0eUjWQlPZk_HdD0oNeZybzFp72rfi9p9UvUVyEEadfxhSeqQ4RH1TvTYZWt3VhORJ52C5vLabX9Wj_BoV6GVsGcGHSBnBii0ppY4khgiNH0c0u42w1AhJxNnTOlqPmAFkDBgAlPl_CrTda:1tAYR6:CgRZprEgxhYMpM4m9hk3_KcX_LZnfv6m3NRpQJYQnsI",
        "expire_date": "2024-11-25T17:42:48.885Z"
    }
}, {
    "model": "sessions.session",
    "pk": "fwqzslekkvsq5sc5fztvc6njtzh9n1kl",
    "fields": {
        "session_data": ".eJxVjDsOwyAQBe9CHSH-mJTpfQa0C0twEmHJ2FWUu0dILpL2zcx7swjHXuPRaYtLZlem2OV3Q0hPagPkB7T7ytPa9m1BPhR-0s7nNdPrdrp_BxV6HXVAIb3xUjkNCEZrdBaLd9rIHKwWhCQ8GuXApUKThTCJ4IogSbZ4YJ8vzPs3oQ:1tAKsk:u5nktvWKV-At0DO_kcSnKmGPvWBtT46BYzQ_iNhka1s",
        "expire_date": "2024-11-25T03:14:26.227Z"
    }
}, {
    "model": "sessions.session",
    "pk": "g71sxymf9ff9n0gk7nymz79vpc9vqzf4",
    "fields": {
        "session_data": ".eJxVjLsOAiEURP-F2hDksaClvd9A7gNk1UCy7FbGf1eSLbScOWfmJSJsa4lbT0ucWZyFE4ffDoEeqQ7Ad6i3JqnVdZlRDkXutMtr4_S87O7fQYFevmtygYGPJ2TMyusRctAIOYD1Xk_ZGQjEk9WkM6E2wWVQBr2zQSEl8f4AF2848g:1tAcKK:xq05yIR4mmbVmU6-T2VEcfNGjzGEUmPWZpnTELdHrJI",
        "expire_date": "2024-11-25T21:52:04.015Z"
    }
}, {
    "model": "sessions.session",
    "pk": "g73vgea36fru8525xxtr1lc8c7gcjvpn",
    "fields": {
        "session_data": ".eJxVjDEOwyAQBP9CHSEMHNgp0_sN6I6D4CTCkrGrKH-PLblIim12ZvctAm5rCVtLS5hYXIUWl9-OMD5TPQA_sN5nGee6LhPJQ5EnbXKcOb1up_t3ULCVfQ2DgmjMHrC9Bs_kQA0QswWymm3vTeccOxWRPRnokBJ6lbPx1jhG8fkCtiM3QA:1sofUb:uj9p-B-tDadIlf7yEvQwhz8m0o9zBaLDw4MbhuUyVoU",
        "expire_date": "2024-09-26T08:47:57.769Z"
    }
}, {
    "model": "sessions.session",
    "pk": "gcclxeupgjku696xgbi0pdu9c7wydmdy",
    "fields": {
        "session_data": ".eJxVjLsOAiEURP-F2hDksaClvd9A7gNk1UCy7FbGf1eSLbScOWfmJSJsa4lbT0ucWZyFE4ffDoEeqQ7Ad6i3JqnVdZlRDkXutMtr4_S87O7fQYFevmtygYGPJ2TMyusRctAIOYD1Xk_ZGQjEk9WkM6E2wWVQBr2zQSEl8f4AF2848g:1tAp3J:lPRqRtOShkr0luClWIg9tOX63g_y-ZhKSb7yoO-Dkoo",
        "expire_date": "2024-11-26T11:27:21.010Z"
    }
}, {
    "model": "sessions.session",
    "pk": "gpaa8z9kbsfmh1b53ryndr8sux5o1rff",
    "fields": {
        "session_data": ".eJxVjMsOwiAQAP-FsyErsC149O43kF0eUjWQlPZk_HdD0oNeZybzFp72rfi9p9UvUVyEEadfxhSeqQ4RH1TvTYZWt3VhORJ52C5vLabX9Wj_BoV6GVsGcGHSBnBii0ppY4khgiNH0c0u42w1AhJxNnTOlqPmAFkDBgAlPl_CrTda:1tAYSs:nkQ7gbOXJoIZAm_Myz6snRfKrVz9d-6506NEll4kB5A",
        "expire_date": "2024-11-25T17:44:38.019Z"
    }
}, {
    "model": "sessions.session",
    "pk": "gu7frm7oxga7q66r31l028jp3ixvju40",
    "fields": {
        "session_data": ".eJwVx8sNgCAMANBdmAALpdVlSD80nEVPxt2N7_ae1OW-Zr_XOPuUNdORDNnFt11dIxP8CQaVYKlE0AKLsHmrYBCmUBhDclHCylltpPcDxGUajg:1so69g:RJzrUSp0R14BYY4rZGkKMPe1t0mpqo7lQ1JmDCSAUTk",
        "expire_date": "2024-09-24T19:04:00.912Z"
    }
}, {
    "model": "sessions.session",
    "pk": "gwygqeus9v57huz63i41397s2s5yss5o",
    "fields": {
        "session_data": ".eJxVjLsOAiEURP-F2hDksaClvd9A7gNk1UCy7FbGf1eSLbScOWfmJSJsa4lbT0ucWZyFE4ffDoEeqQ7Ad6i3JqnVdZlRDkXutMtr4_S87O7fQYFevmtygYGPJ2TMyusRctAIOYD1Xk_ZGQjEk9WkM6E2wWVQBr2zQSEl8f4AF2848g:1tApq4:3ZUh-TvOhmz2ooFelGCxSxQh_yA8QjLHFehzAPDeKkQ",
        "expire_date": "2024-11-26T12:17:44.311Z"
    }
}, {
    "model": "sessions.session",
    "pk": "gxau1hxh306uzhzotpyt4r5ochx514yz",
    "fields": {
        "session_data": ".eJxVjMsOwiAQAP-FsyErsC149O43kF0eUjWQlPZk_HdD0oNeZybzFp72rfi9p9UvUVyEEadfxhSeqQ4RH1TvTYZWt3VhORJ52C5vLabX9Wj_BoV6GVsGcGHSBnBii0ppY4khgiNH0c0u42w1AhJxNnTOlqPmAFkDBgAlPl_CrTda:1t6W9b:62z6xu4UZ6LJ3L2n9HKB_DX2GBOm2aeSPi1G1eserdI",
        "expire_date": "2024-11-14T14:28:03.085Z"
    }
}, {
    "model": "sessions.session",
    "pk": "gywqf26fw353go252mci1qghv647awzw",
    "fields": {
        "session_data": ".eJxVjDEOwyAQBP9CHSEMHNgp0_sN6I6D4CTCkrGrKH-PLblIim12ZvctAm5rCVtLS5hYXIUWl9-OMD5TPQA_sN5nGee6LhPJQ5EnbXKcOb1up_t3ULCVfQ2DgmjMHrC9Bs_kQA0QswWymm3vTeccOxWRPRnokBJ6lbPx1jhG8fkCtiM3QA:1slpD9:TRckbRhiwpTMVskprutg779wCb1AIktUBNzy6X2BBVo",
        "expire_date": "2024-09-18T12:34:11.417Z"
    }
}, {
    "model": "sessions.session",
    "pk": "gz3cdm9q2u30556ajtifgotfavvs97yy",
    "fields": {
        "session_data": ".eJxVjLsOAiEURP-F2hDksaClvd9A7gNk1UCy7FbGf1eSLbScOWfmJSJsa4lbT0ucWZyFE4ffDoEeqQ7Ad6i3JqnVdZlRDkXutMtr4_S87O7fQYFevmtygYGPJ2TMyusRctAIOYD1Xk_ZGQjEk9WkM6E2wWVQBr2zQSEl8f4AF2848g:1tApsa:778CZM0mriFs220DKgHtpnZTmnj3GuAsxhea-uFsAFM",
        "expire_date": "2024-11-26T12:20:20.382Z"
    }
}, {
    "model": "sessions.session",
    "pk": "h0yh8i095mrrcygjoeymw93bbk47s8yd",
    "fields": {
        "session_data": ".eJxVjMsOwiAQAP-FsyErsC149O43kF0eUjWQlPZk_HdD0oNeZybzFp72rfi9p9UvUVyEEadfxhSeqQ4RH1TvTYZWt3VhORJ52C5vLabX9Wj_BoV6GVsGcGHSBnBii0ppY4khgiNH0c0u42w1AhJxNnTOlqPmAFkDBgAlPl_CrTda:1t2sgc:btt6ggrIc7otb6sL_FguBIGtilw5DqqSm-QpgceF2K0",
        "expire_date": "2024-11-04T13:43:06.360Z"
    }
}, {
    "model": "sessions.session",
    "pk": "h3rndfjzdknxrufas8iv3b6tbhsgj36k",
    "fields": {
        "session_data": ".eJxVjMsOwiAQAP-FsyErsC149O43kF0eUjWQlPZk_HdD0oNeZybzFp72rfi9p9UvUVyEEadfxhSeqQ4RH1TvTYZWt3VhORJ52C5vLabX9Wj_BoV6GVsGcGHSBnBii0ppY4khgiNH0c0u42w1AhJxNnTOlqPmAFkDBgAlPl_CrTda:1t3IiV:uYJDVZSH-9RqSjRNJ50Gg-jpmrf43rl3_1m8GYbHDRE",
        "expire_date": "2024-11-05T17:30:47.349Z"
    }
}, {
    "model": "sessions.session",
    "pk": "h4fz3sbedhnd0n4qedcfkim7m16cwy78",
    "fields": {
        "session_data": ".eJxVjDEOwyAQBP9CHSEMHNgp0_sN6I6D4CTCkrGrKH-PLblIim12ZvctAm5rCVtLS5hYXIUWl9-OMD5TPQA_sN5nGee6LhPJQ5EnbXKcOb1up_t3ULCVfQ2DgmjMHrC9Bs_kQA0QswWymm3vTeccOxWRPRnokBJ6lbPx1jhG8fkCtiM3QA:1sla49:kbdi5wzXfGd67Wnj2DF2fAYakwUdAfoksNyiYtT2M7c",
        "expire_date": "2024-09-17T20:23:53.709Z"
    }
}, {
    "model": "sessions.session",
    "pk": "h5qpmlb0kteehnvt7md51tz7fwc450hm",
    "fields": {
        "session_data": ".eJxVjDkOwjAUBe_iGlnGcbxQ0nMG62_gALKlOKkQd4dIKaB9M_NeKsO6lLx2mfPE6qRGdfjdEOghdQN8h3prmlpd5gn1puiddn1pLM_z7v4dFOjlW0dn2CYbOAgQCkWPMIQrOhYaQQYakkTnxAQwYNEyGC-JMCQJcvRevT8PmDj4:1slmwP:jmcjRvOczyqOdePuC39YPXlP_Ukd77ls-1dKJjRJrak",
        "expire_date": "2024-09-18T10:08:45.547Z"
    }
}, {
    "model": "sessions.session",
    "pk": "h7jxjjyaxoptbpb1vtrn2lgk4y6kv5ei",
    "fields": {
        "session_data": ".eJxVjDEOwyAQBP9CHSEMHNgp0_sN6I6D4CTCkrGrKH-PLblIim12ZvctAm5rCVtLS5hYXIUWl9-OMD5TPQA_sN5nGee6LhPJQ5EnbXKcOb1up_t3ULCVfQ2DgmjMHrC9Bs_kQA0QswWymm3vTeccOxWRPRnokBJ6lbPx1jhG8fkCtiM3QA:1sluTI:-yuJktvFdaBM0cQrUEbVf2MrljR78nPiYkLvvJSI3e8",
        "expire_date": "2024-09-18T18:11:12.419Z"
    }
}, {
    "model": "sessions.session",
    "pk": "h8gi44izfumwj0ha9zoag3v2ikwrp669",
    "fields": {
        "session_data": ".eJxVjDEOwyAQBP9CHSEMHNgp0_sN6I6D4CTCkrGrKH-PLblIim12ZvctAm5rCVtLS5hYXIUWl9-OMD5TPQA_sN5nGee6LhPJQ5EnbXKcOb1up_t3ULCVfQ2DgmjMHrC9Bs_kQA0QswWymm3vTeccOxWRPRnokBJ6lbPx1jhG8fkCtiM3QA:1smxLQ:i9Yb4RVWGD5bYB47GjqbP706GbdF8cqQP8L54cRNIho",
        "expire_date": "2024-09-21T15:27:24.680Z"
    }
}, {
    "model": "sessions.session",
    "pk": "hebnxf0wf2em11xm58ttj0moe1mo0m6u",
    "fields": {
        "session_data": ".eJxVjMsOwiAQAP-FsyErsC149O43kF0eUjWQlPZk_HdD0oNeZybzFp72rfi9p9UvUVyEEadfxhSeqQ4RH1TvTYZWt3VhORJ52C5vLabX9Wj_BoV6GVsGcGHSBnBii0ppY4khgiNH0c0u42w1AhJxNnTOlqPmAFkDBgAlPl_CrTda:1tAa9a:Mmb8Go_9oWFHhBfZHcZAI8QKQ20_k1tWr-HNHQY4DmM",
        "expire_date": "2024-11-25T19:32:50.927Z"
    }
}, {
    "model": "sessions.session",
    "pk": "hinqey4rrr8bz3roku4cikhueatob6kc",
    "fields": {
        "session_data": ".eJxVjLsOAiEURP-F2hDksaClvd9A7gNk1UCy7FbGf1eSLbScOWfmJSJsa4lbT0ucWZyFE4ffDoEeqQ7Ad6i3JqnVdZlRDkXutMtr4_S87O7fQYFevmtygYGPJ2TMyusRctAIOYD1Xk_ZGQjEk9WkM6E2wWVQBr2zQSEl8f4AF2848g:1tApDn:D1ajGfYR2BEpYC3w9aZdgY4tCHUoTzLt5zmqrRdyWoo",
        "expire_date": "2024-11-26T11:38:11.847Z"
    }
}, {
    "model": "sessions.session",
    "pk": "hrhisl0xr8frxnintmce2gfamdevtzrm",
    "fields": {
        "session_data": ".eJxVjLsOAiEURP-F2hDksaClvd9A7gNk1UCy7FbGf1eSLbScOWfmJSJsa4lbT0ucWZyFE4ffDoEeqQ7Ad6i3JqnVdZlRDkXutMtr4_S87O7fQYFevmtygYGPJ2TMyusRctAIOYD1Xk_ZGQjEk9WkM6E2wWVQBr2zQSEl8f4AF2848g:1tApcc:XB_QFj1DngV5vHZpEtkBXUzHpG6qv64OBis6pxPCuJA",
        "expire_date": "2024-11-26T12:03:50.151Z"
    }
}, {
    "model": "sessions.session",
    "pk": "huutvpkmgv6qtddh0hqqhfyxbpw7oqn5",
    "fields": {
        "session_data": ".eJxVjLsOAiEURP-F2hDksaClvd9A7gNk1UCy7FbGf1eSLbScOWfmJSJsa4lbT0ucWZyFE4ffDoEeqQ7Ad6i3JqnVdZlRDkXutMtr4_S87O7fQYFevmtygYGPJ2TMyusRctAIOYD1Xk_ZGQjEk9WkM6E2wWVQBr2zQSEl8f4AF2848g:1tAcvG:v1Kp9cyXXDKEjr5t0quR5y81bpbYSlPcFrlaofsMtoE",
        "expire_date": "2024-11-25T22:30:14.754Z"
    }
}, {
    "model": "sessions.session",
    "pk": "hxgmias6ms7ye2wf8bu7wqkhytraqwqj",
    "fields": {
        "session_data": ".eJxVjDEOwyAQBP9CHSEMHNgp0_sN6I6D4CTCkrGrKH-PLblIim12ZvctAm5rCVtLS5hYXIUWl9-OMD5TPQA_sN5nGee6LhPJQ5EnbXKcOb1up_t3ULCVfQ2DgmjMHrC9Bs_kQA0QswWymm3vTeccOxWRPRnokBJ6lbPx1jhG8fkCtiM3QA:1tAaWo:SAHADsfvsUAKVmUXJrbW1B8wvcfJD33v4oN4fL7gl-8",
        "expire_date": "2024-11-25T19:56:50.815Z"
    }
}, {
    "model": "sessions.session",
    "pk": "hygdasso5g1295x9pnjefvs2dp9oo2ib",
    "fields": {
        "session_data": ".eJxVjDEOwyAQBP9CHSEMHNgp0_sN6I6D4CTCkrGrKH-PLblIim12ZvctAm5rCVtLS5hYXIUWl9-OMD5TPQA_sN5nGee6LhPJQ5EnbXKcOb1up_t3ULCVfQ2DgmjMHrC9Bs_kQA0QswWymm3vTeccOxWRPRnokBJ6lbPx1jhG8fkCtiM3QA:1snmOj:M4j5Q6i3wHCivlOovgRFKToVDMeQAu5M671qskFy8FM",
        "expire_date": "2024-09-23T21:58:13.129Z"
    }
}, {
    "model": "sessions.session",
    "pk": "i47udtojnpxt4lyk92fu69ik83x1d1y2",
    "fields": {
        "session_data": ".eJxVjDsOwyAQBe9CHSH-mJTpfQa0C0twEmHJ2FWUu0dILpL2zcx7swjHXuPRaYtLZlem2OV3Q0hPagPkB7T7ytPa9m1BPhR-0s7nNdPrdrp_BxV6HXVAIb3xUjkNCEZrdBaLd9rIHKwWhCQ8GuXApUKThTCJ4IogSbZ4YJ8vzPs3oQ:1tAJbo:4SSQReUYZFHbj7XwGT2xM7JnOISVDMqpQ7ACjkTm7y0",
        "expire_date": "2024-11-25T01:52:52.579Z"
    }
}, {
    "model": "sessions.session",
    "pk": "i6bz3rj50ii7b61zht66xg1cf0rq611d",
    "fields": {
        "session_data": ".eJxVjMsOwiAQAP-FsyErsC149O43kF0eUjWQlPZk_HdD0oNeZybzFp72rfi9p9UvUVyEEadfxhSeqQ4RH1TvTYZWt3VhORJ52C5vLabX9Wj_BoV6GVsGcGHSBnBii0ppY4khgiNH0c0u42w1AhJxNnTOlqPmAFkDBgAlPl_CrTda:1t2yYA:UsS-tHRexy2zY2UeynhTqWUr4sawKatesTOJlKN5FII",
        "expire_date": "2024-11-04T19:58:46.114Z"
    }
}, {
    "model": "sessions.session",
    "pk": "id6vuqkxj80g770kvkfpzo2j38urztru",
    "fields": {
        "session_data": ".eJxVjMsOwiAQAP-FsyErsC149O43kF0eUjWQlPZk_HdD0oNeZybzFp72rfi9p9UvUVyEEadfxhSeqQ4RH1TvTYZWt3VhORJ52C5vLabX9Wj_BoV6GVsGcGHSBnBii0ppY4khgiNH0c0u42w1AhJxNnTOlqPmAFkDBgAlPl_CrTda:1t9l0m:XifmwacYlYrzXxqqcV3k6XAAnb9MP7lOUsxWx2wfc_o",
        "expire_date": "2024-11-23T12:56:20.557Z"
    }
}, {
    "model": "sessions.session",
    "pk": "ieeyxykdqqulmglox6u44zivmdbq39xn",
    "fields": {
        "session_data": ".eJxVjDEOwyAQBP9CHSEMHNgp0_sN6I6D4CTCkrGrKH-PLblIim12ZvctAm5rCVtLS5hYXIUWl9-OMD5TPQA_sN5nGee6LhPJQ5EnbXKcOb1up_t3ULCVfQ2DgmjMHrC9Bs_kQA0QswWymm3vTeccOxWRPRnokBJ6lbPx1jhG8fkCtiM3QA:1sm9dK:rlZQ7Txm53L7gE1AgSXbeMen-3a9AJNKmqmHgOrkAcI",
        "expire_date": "2024-09-19T10:22:34.845Z"
    }
}, {
    "model": "sessions.session",
    "pk": "ifx9g3582uzlbqnj2r5z1s8i9o9y217z",
    "fields": {
        "session_data": ".eJxVjDEOwyAQBP9CHSEMHNgp0_sN6I6D4CTCkrGrKH-PLblIim12ZvctAm5rCVtLS5hYXIUWl9-OMD5TPQA_sN5nGee6LhPJQ5EnbXKcOb1up_t3ULCVfQ2DgmjMHrC9Bs_kQA0QswWymm3vTeccOxWRPRnokBJ6lbPx1jhG8fkCtiM3QA:1soUvK:wFHjlikjiYn9aDsjcut7eMO8MfEDKOqLxrBeZIFd3O8",
        "expire_date": "2024-09-25T21:30:50.779Z"
    }
}, {
    "model": "sessions.session",
    "pk": "inqq5h0qxk56tnfs8lgqitdtb2rlpkhl",
    "fields": {
        "session_data": ".eJxljMsKwjAQAP9lzyVE8rDp0bvfEDabrY3GBNrGi_jvUimCeJ0Z5glIVFtZ_YPnNCaOnu-YMgyl5dx9bVt4hgEsdOCxrdMH-BT_WUC6cdlEvGK5VEG1rHMKYkvEbhdxrpHzaW9_BhMu07a1iI6kw5FQWe6NDUyRNBnSBytdL5XR0qoQTdDROtQYVC-PTGE0zA5eb5PgSi0:1so7KD:7kYuLWf9hvM0SrBWkMkq_fGw92n9uryxEdOtK2K9fnQ",
        "expire_date": "2024-09-24T20:18:57.816Z"
    }
}, {
    "model": "sessions.session",
    "pk": "iodognv041vnv1vt5qdoygrk7q7pqgky",
    "fields": {
        "session_data": ".eJxVjMsOwiAQAP-FsyErsC149O43kF0eUjWQlPZk_HdD0oNeZybzFp72rfi9p9UvUVyEEadfxhSeqQ4RH1TvTYZWt3VhORJ52C5vLabX9Wj_BoV6GVsGcGHSBnBii0ppY4khgiNH0c0u42w1AhJxNnTOlqPmAFkDBgAlPl_CrTda:1t2ylm:IfZ6z8L6I_FjYCxD5WT0SMpKpogcYrmhlocLv0cNviI",
        "expire_date": "2024-11-04T20:12:50.797Z"
    }
}, {
    "model": "sessions.session",
    "pk": "iqoqyoszo00nuzuphrexdgpz5vjt2dss",
    "fields": {
        "session_data": ".eJxVjDEOwyAQBP9CHSEMHNgp0_sN6I6D4CTCkrGrKH-PLblIim12ZvctAm5rCVtLS5hYXIUWl9-OMD5TPQA_sN5nGee6LhPJQ5EnbXKcOb1up_t3ULCVfQ2DgmjMHrC9Bs_kQA0QswWymm3vTeccOxWRPRnokBJ6lbPx1jhG8fkCtiM3QA:1sl83h:mNxR_qLFZwfFX86toVGMFLgMBuZ9up8PiHGaRlPsIME",
        "expire_date": "2024-09-16T14:29:33.109Z"
    }
}, {
    "model": "sessions.session",
    "pk": "ir9yrfr8gv6sl3orebbys3ull31yxduv",
    "fields": {
        "session_data": ".eJxVjDsOwyAQBe9CHSH-mJTpfQa0C0twEmHJ2FWUu0dILpL2zcx7swjHXuPRaYtLZlem2OV3Q0hPagPkB7T7ytPa9m1BPhR-0s7nNdPrdrp_BxV6HXVAIb3xUjkNCEZrdBaLd9rIHKwWhCQ8GuXApUKThTCJ4IogSbZ4YJ8vzPs3oQ:1tAKDo:WBNB8moU1hD82TNDdTBhp8O1gdgWjAaCp04khv_Nix8",
        "expire_date": "2024-11-25T02:32:08.190Z"
    }
}, {
    "model": "sessions.session",
    "pk": "j09qr5wk6787fits5f97ggifjper7gf8",
    "fields": {
        "session_data": ".eJxVjLsOAiEURP-F2hDksaClvd9A7gNk1UCy7FbGf1eSLbScOWfmJSJsa4lbT0ucWZyFE4ffDoEeqQ7Ad6i3JqnVdZlRDkXutMtr4_S87O7fQYFevmtygYGPJ2TMyusRctAIOYD1Xk_ZGQjEk9WkM6E2wWVQBr2zQSEl8f4AF2848g:1tAq33:MnuUkAK2ujtYlIQM1bYxNkooXp7GmfjgscDxYOaTjps",
        "expire_date": "2024-11-26T12:31:09.808Z"
    }
}, {
    "model": "sessions.session",
    "pk": "j1ltq35jx34ps7bhj6cip1h0oqpfyfps",
    "fields": {
        "session_data": ".eJxVjMsOwiAQAP-FsyErsC149O43kF0eUjWQlPZk_HdD0oNeZybzFp72rfi9p9UvUVyEEadfxhSeqQ4RH1TvTYZWt3VhORJ52C5vLabX9Wj_BoV6GVsGcGHSBnBii0ppY4khgiNH0c0u42w1AhJxNnTOlqPmAFkDBgAlPl_CrTda:1tAa9g:yMqF00M4bLVP5cbSmxRS8yV4p-F31Rb_iadFpSrdLfA",
        "expire_date": "2024-11-25T19:32:56.789Z"
    }
}, {
    "model": "sessions.session",
    "pk": "j29rduwm30knimbhyhx52bj1fqttm7bj",
    "fields": {
        "session_data": ".eJxVjLsOAiEURP-F2hDksaClvd9A7gNk1UCy7FbGf1eSLbScOWfmJSJsa4lbT0ucWZyFE4ffDoEeqQ7Ad6i3JqnVdZlRDkXutMtr4_S87O7fQYFevmtygYGPJ2TMyusRctAIOYD1Xk_ZGQjEk9WkM6E2wWVQBr2zQSEl8f4AF2848g:1tAcuH:MUWQpkgCPxrZIz-kPumTEQ6w9TnBYY1xLaimHqeRPvg",
        "expire_date": "2024-11-25T22:29:13.641Z"
    }
}, {
    "model": "sessions.session",
    "pk": "j4n99tsgbkfw1stnpx4h42f1315k8u66",
    "fields": {
        "session_data": ".eJxVjMsOwiAQAP-FsyErsC149O43kF0eUjWQlPZk_HdD0oNeZybzFp72rfi9p9UvUVyEEadfxhSeqQ4RH1TvTYZWt3VhORJ52C5vLabX9Wj_BoV6GVsGcGHSBnBii0ppY4khgiNH0c0u42w1AhJxNnTOlqPmAFkDBgAlPl_CrTda:1tATAQ:l477Sm6jRn29IWAstU_xwe1ouUYLpRszi5jOVa4iwEY",
        "expire_date": "2024-11-25T12:05:14.403Z"
    }
}, {
    "model": "sessions.session",
    "pk": "j4rfbzryh2xbz03lfogvc2j27h6z02e0",
    "fields": {
        "session_data": ".eJxVjDEOwyAQBP9CHSEMHNgp0_sN6I6D4CTCkrGrKH-PLblIim12ZvctAm5rCVtLS5hYXIUWl9-OMD5TPQA_sN5nGee6LhPJQ5EnbXKcOb1up_t3ULCVfQ2DgmjMHrC9Bs_kQA0QswWymm3vTeccOxWRPRnokBJ6lbPx1jhG8fkCtiM3QA:1slX1k:-sT0866icL5gcNbJg8Oz3z8i-Rfkwu3EPXJg9OlOfok",
        "expire_date": "2024-09-17T17:09:12.541Z"
    }
}, {
    "model": "sessions.session",
    "pk": "j9vq8fudumtlfn4c5dvlmcrribi1ufml",
    "fields": {
        "session_data": ".eJxVjMsOwiAQAP-FsyErsC149O43kF0eUjWQlPZk_HdD0oNeZybzFp72rfi9p9UvUVyEEadfxhSeqQ4RH1TvTYZWt3VhORJ52C5vLabX9Wj_BoV6GVsGcGHSBnBii0ppY4khgiNH0c0u42w1AhJxNnTOlqPmAFkDBgAlPl_CrTda:1tAYX0:M2G81zNCj1k1O0CebT_p77OpmKwUFHuubSn3Eogg3yc",
        "expire_date": "2024-11-25T17:48:54.413Z"
    }
}, {
    "model": "sessions.session",
    "pk": "jcog0vuwegji0w1nlxqcqdw2ozet58gr",
    "fields": {
        "session_data": ".eJxVjMsOwiAQRf-FtSEt8hhcuu83EJgZpGogKe3K-O_apAvd3nPOfYkQt7WErfMSZhIXocXpd0sRH1x3QPdYb01iq-syJ7kr8qBdTo34eT3cv4MSe_nWHlXWgM5mIDIJxowc8-A9oD4n45Rm8nYwnh1ysiMqTp4BrCMFOrJ4fwAA1ziV:1slxyl:EuetGmA15G_UUcYlMoT4K5eVi0z_q6GDm79YEtmKirM",
        "expire_date": "2024-09-18T21:55:55.375Z"
    }
}, {
    "model": "sessions.session",
    "pk": "jfp04nlqzr4npcxn56547hmyrykoax78",
    "fields": {
        "session_data": ".eJxVjMsOwiAQAP-FsyErsC149O43kF0eUjWQlPZk_HdD0oNeZybzFp72rfi9p9UvUVyEEadfxhSeqQ4RH1TvTYZWt3VhORJ52C5vLabX9Wj_BoV6GVsGcGHSBnBii0ppY4khgiNH0c0u42w1AhJxNnTOlqPmAFkDBgAlPl_CrTda:1t5TlP:kLT2onWSf9WdlDEYwj3Hfgl02mnbTsnDTj7FXAHs1Zc",
        "expire_date": "2024-11-11T17:42:47.568Z"
    }
}, {
    "model": "sessions.session",
    "pk": "jgaosu1jpd5q5g1tsxemklh2je2iglvy",
    "fields": {
        "session_data": ".eJxVjMsOwiAQRf-FtSEt8hhcuu83EJgZpGogKe3K-O_apAvd3nPOfYkQt7WErfMSZhIXocXpd0sRH1x3QPdYb01iq-syJ7kr8qBdTo34eT3cv4MSe_nWHlXWgM5mIDIJxowc8-A9oD4n45Rm8nYwnh1ysiMqTp4BrCMFOrJ4fwAA1ziV:1slTOX:msuYaHpKVdytDusjLmtdE13Q0J8wpA3k5oMwx0sru4w",
        "expire_date": "2024-09-17T13:16:29.772Z"
    }
}, {
    "model": "sessions.session",
    "pk": "ji1xq63jv8x9lh6sdokui5nvbvkpvb1b",
    "fields": {
        "session_data": ".eJxVjDEOwyAQBP9CHSEMHNgp0_sN6I6D4CTCkrGrKH-PLblIim12ZvctAm5rCVtLS5hYXIUWl9-OMD5TPQA_sN5nGee6LhPJQ5EnbXKcOb1up_t3ULCVfQ2DgmjMHrC9Bs_kQA0QswWymm3vTeccOxWRPRnokBJ6lbPx1jhG8fkCtiM3QA:1slYI6:2EJUGOqv_wrLwedEYNOLJbT3dtEE00TJ-Hy-QSrFKrE",
        "expire_date": "2024-09-17T18:30:10.423Z"
    }
}, {
    "model": "sessions.session",
    "pk": "jiajusv622qb7p2w67g53yw2b6hwdzv2",
    "fields": {
        "session_data": ".eJxVjLsOAiEURP-F2hDksaClvd9A7gNk1UCy7FbGf1eSLbScOWfmJSJsa4lbT0ucWZyFE4ffDoEeqQ7Ad6i3JqnVdZlRDkXutMtr4_S87O7fQYFevmtygYGPJ2TMyusRctAIOYD1Xk_ZGQjEk9WkM6E2wWVQBr2zQSEl8f4AF2848g:1tApbB:JVp_ugcWTEGkIrdBzIaqrkecqv8ptCFD-oC72yKvThQ",
        "expire_date": "2024-11-26T12:02:21.929Z"
    }
}, {
    "model": "sessions.session",
    "pk": "jixf2mt40lbhed3ccsyrt913giu0nray",
    "fields": {
        "session_data": ".eJxVjDEOwyAQBP9CHSEMHNgp0_sN6I6D4CTCkrGrKH-PLblIim12ZvctAm5rCVtLS5hYXIUWl9-OMD5TPQA_sN5nGee6LhPJQ5EnbXKcOb1up_t3ULCVfQ2DgmjMHrC9Bs_kQA0QswWymm3vTeccOxWRPRnokBJ6lbPx1jhG8fkCtiM3QA:1soV8g:vd6PUw9r9r7Q8I0MOxQRAaiCIej2v7FmiyVVplZCnsw",
        "expire_date": "2024-09-25T21:44:38.766Z"
    }
}, {
    "model": "sessions.session",
    "pk": "jnc87zj6yn6eic8e86njzuqs89bm656b",
    "fields": {
        "session_data": ".eJxVjDsOwyAQBe9CHSH-mJTpfQa0C0twEmHJ2FWUu0dILpL2zcx7swjHXuPRaYtLZlem2OV3Q0hPagPkB7T7ytPa9m1BPhR-0s7nNdPrdrp_BxV6HXVAIb3xUjkNCEZrdBaLd9rIHKwWhCQ8GuXApUKThTCJ4IogSbZ4YJ8vzPs3oQ:1tAK81:ha0jeWYr-gnWE1_4mh6tPFRbXpqBvmL3HCWFKG0Xv8w",
        "expire_date": "2024-11-25T02:26:09.588Z"
    }
}, {
    "model": "sessions.session",
    "pk": "jrirolbj2ljujwedwbkt7fhr4sdxdppx",
    "fields": {
        "session_data": ".eJxVjDEOwyAQBP9CHSEMHNgp0_sN6I6D4CTCkrGrKH-PLblIim12ZvctAm5rCVtLS5hYXIUWl9-OMD5TPQA_sN5nGee6LhPJQ5EnbXKcOb1up_t3ULCVfQ2DgmjMHrC9Bs_kQA0QswWymm3vTeccOxWRPRnokBJ6lbPx1jhG8fkCtiM3QA:1sl62A:9JApQ4pRYymKyafruJnOi5lsgJgxqpwcJ-Pwt5TdH2I",
        "expire_date": "2024-09-16T12:19:50.621Z"
    }
}, {
    "model": "sessions.session",
    "pk": "jssg9qoz4w849oyh38oe8qsfdupkaksn",
    "fields": {
        "session_data": ".eJxVjDEOwyAQBP9CHSEMHNgp0_sN6I6D4CTCkrGrKH-PLblIim12ZvctAm5rCVtLS5hYXIUWl9-OMD5TPQA_sN5nGee6LhPJQ5EnbXKcOb1up_t3ULCVfQ2DgmjMHrC9Bs_kQA0QswWymm3vTeccOxWRPRnokBJ6lbPx1jhG8fkCtiM3QA:1sl62I:SsrqMn0BLHLCU74V_TFe4uvKAkXIXq-GHvtYkBbufiw",
        "expire_date": "2024-09-16T12:19:58.900Z"
    }
}, {
    "model": "sessions.session",
    "pk": "jto9g45apw25bvos8cd60xnd2hu7vigg",
    "fields": {
        "session_data": ".eJxVjMsOwiAQAP-FsyErsC149O43kF0eUjWQlPZk_HdD0oNeZybzFp72rfi9p9UvUVyEEadfxhSeqQ4RH1TvTYZWt3VhORJ52C5vLabX9Wj_BoV6GVsGcGHSBnBii0ppY4khgiNH0c0u42w1AhJxNnTOlqPmAFkDBgAlPl_CrTda:1snCJO:fjjrYQqhgVWinCLMvaRXaAHdCSjo-nrdepbN-EclSHg",
        "expire_date": "2024-09-22T07:26:18.854Z"
    }
}, {
    "model": "sessions.session",
    "pk": "jvah1oqpli6tlc8frka5aos9iy0gx8ep",
    "fields": {
        "session_data": ".eJxVjM0OwiAQhN-FsyEsPwIevfcZCLusUjU0Ke3J-O62SQ96m8z3zbxFyutS09p5TmMRFxHE6bfDTE9uOyiP3O6TpKkt84hyV-RBuxymwq_r4f4d1NzrtgYPJagCNhRnEQIqMg4iktkCsKaQvY7Re29RB47mZtE6RWdn2IEG8fkCwfg2sA:1svCRi:O_wu_efD1HiGuPd6h0fxpqkF8S6xZjqYNy302GvPDfI",
        "expire_date": "2024-10-14T09:11:58.461Z"
    }
}, {
    "model": "sessions.session",
    "pk": "jwyccply0v3ytp5em5qjs79kks546lt0",
    "fields": {
        "session_data": ".eJxVjLsOAiEURP-F2hDksaClvd9A7gNk1UCy7FbGf1eSLbScOWfmJSJsa4lbT0ucWZyFE4ffDoEeqQ7Ad6i3JqnVdZlRDkXutMtr4_S87O7fQYFevmtygYGPJ2TMyusRctAIOYD1Xk_ZGQjEk9WkM6E2wWVQBr2zQSEl8f4AF2848g:1tAcdH:74fwjnKrOtuwxswTpoJwYktmHPF63ciYyQtOx_C3mc4",
        "expire_date": "2024-11-25T22:11:39.865Z"
    }
}, {
    "model": "sessions.session",
    "pk": "k2au6t7b2dihhqvwcwokye1ft7surnyh",
    "fields": {
        "session_data": ".eJxVjMsOwiAQAP-FsyErsC149O43kF0eUjWQlPZk_HdD0oNeZybzFp72rfi9p9UvUVyEEadfxhSeqQ4RH1TvTYZWt3VhORJ52C5vLabX9Wj_BoV6GVsGcGHSBnBii0ppY4khgiNH0c0u42w1AhJxNnTOlqPmAFkDBgAlPl_CrTda:1t2u8B:vWie-bsdBeKrZVU1lZgmbGSL0IeiWNre61kM6lAOhus",
        "expire_date": "2024-11-04T15:15:39.685Z"
    }
}, {
    "model": "sessions.session",
    "pk": "kbgbfykxbcddt3av8lnw4euz8gh81kqe",
    "fields": {
        "session_data": ".eJxVjLsOAiEURP-F2hDksaClvd9A7gNk1UCy7FbGf1eSLbScOWfmJSJsa4lbT0ucWZyFE4ffDoEeqQ7Ad6i3JqnVdZlRDkXutMtr4_S87O7fQYFevmtygYGPJ2TMyusRctAIOYD1Xk_ZGQjEk9WkM6E2wWVQBr2zQSEl8f4AF2848g:1tAaXA:GVP_EFI4IbL-sFpIf4KUxj0XOv06c-dJJIRYmp2B-3w",
        "expire_date": "2024-11-25T19:57:12.625Z"
    }
}, {
    "model": "sessions.session",
    "pk": "kh0186cvt9qa3vkojm5jof1tif2c3k8b",
    "fields": {
        "session_data": ".eJxVjMsOwiAQAP-FsyErsC149O43kF0eUjWQlPZk_HdD0oNeZybzFp72rfi9p9UvUVyEEadfxhSeqQ4RH1TvTYZWt3VhORJ52C5vLabX9Wj_BoV6GVsGcGHSBnBii0ppY4khgiNH0c0u42w1AhJxNnTOlqPmAFkDBgAlPl_CrTda:1t2yWU:08EneNm-CaTqS3Lg4VkwKQ2Kc59QrtuhH8XvWp_aSbw",
        "expire_date": "2024-11-04T19:57:02.771Z"
    }
}, {
    "model": "sessions.session",
    "pk": "khw6d9sbd4oyud00pf7hbwgi8eom54pl",
    "fields": {
        "session_data": ".eJxVjDsOwyAQBe9CHSH-mJTpfQa0C0twEmHJ2FWUu0dILpL2zcx7swjHXuPRaYtLZlem2OV3Q0hPagPkB7T7ytPa9m1BPhR-0s7nNdPrdrp_BxV6HXVAIb3xUjkNCEZrdBaLd9rIHKwWhCQ8GuXApUKThTCJ4IogSbZ4YJ8vzPs3oQ:1tAKYE:WqgUI_Avr1smc4xZXU8UsoELxMOmXkfiEPDlXQmAPiU",
        "expire_date": "2024-11-25T02:53:14.099Z"
    }
}, {
    "model": "sessions.session",
    "pk": "ki1ytjp067e7w082ecaua3prrpzx4mvu",
    "fields": {
        "session_data": ".eJxVjDEOwyAQBP9CHSEMHNgp0_sN6I6D4CTCkrGrKH-PLblIim12ZvctAm5rCVtLS5hYXIUWl9-OMD5TPQA_sN5nGee6LhPJQ5EnbXKcOb1up_t3ULCVfQ2DgmjMHrC9Bs_kQA0QswWymm3vTeccOxWRPRnokBJ6lbPx1jhG8fkCtiM3QA:1slClM:yql_aIVVNBAKYacQiqw_Wi0y1KhxTEFHGbCmzLmatis",
        "expire_date": "2024-09-16T19:30:56.817Z"
    }
}, {
    "model": "sessions.session",
    "pk": "kknx4ajmf3mcwqpvnjhsprcknu0smgrs",
    "fields": {
        "session_data": ".eJwFwcERgCAMBMBeqOAkBIjNMAmY4S3ycuzd3Tc03c9se113m7pmOEMyQHqmBM5WOUZKVQ0DoqJDijiXSgxWNU96eLVB1uEE7kAM3w9wSxj3:1sly0o:Bnkmc9Oehrj7jgmVvxf6ZZW_vf-7pNiqHxrnp8cocCY",
        "expire_date": "2024-09-18T21:58:02.893Z"
    }
}, {
    "model": "sessions.session",
    "pk": "ktpjoh3798gep8w5ckjzogn8z169j3ft",
    "fields": {
        "session_data": ".eJxVjLsOAiEURP-F2hDksaClvd9A7gNk1UCy7FbGf1eSLbScOWfmJSJsa4lbT0ucWZyFE4ffDoEeqQ7Ad6i3JqnVdZlRDkXutMtr4_S87O7fQYFevmtygYGPJ2TMyusRctAIOYD1Xk_ZGQjEk9WkM6E2wWVQBr2zQSEl8f4AF2848g:1tAogC:e5wu7UPx9vEM9ilvUwITiJHOVg-JFCVgf8rvBRdFJFQ",
        "expire_date": "2024-11-26T11:03:28.707Z"
    }
}, {
    "model": "sessions.session",
    "pk": "ky47pf1emzowyvmtk86sta1fi4l2d5ps",
    "fields": {
        "session_data": ".eJxVjMsOwiAQAP-FsyErsC149O43kF0eUjWQlPZk_HdD0oNeZybzFp72rfi9p9UvUVyEEadfxhSeqQ4RH1TvTYZWt3VhORJ52C5vLabX9Wj_BoV6GVsGcGHSBnBii0ppY4khgiNH0c0u42w1AhJxNnTOlqPmAFkDBgAlPl_CrTda:1t5UmX:C_w8V93sUiI6GbDTlDaI8ZUc38ilhucKTCwuzyx6fq4",
        "expire_date": "2024-11-11T18:48:01.624Z"
    }
}, {
    "model": "sessions.session",
    "pk": "l0fwehta4agfgvf538t1xx0r8tfl1qcz",
    "fields": {
        "session_data": ".eJxVjDEOwyAQBP9CHSEMHNgp0_sN6I6D4CTCkrGrKH-PLblIim12ZvctAm5rCVtLS5hYXIUWl9-OMD5TPQA_sN5nGee6LhPJQ5EnbXKcOb1up_t3ULCVfQ2DgmjMHrC9Bs_kQA0QswWymm3vTeccOxWRPRnokBJ6lbPx1jhG8fkCtiM3QA:1soW4J:qaFgr1HM5cA8Hzcsdo8iGD0wklw_cPFP7nW0GblD7Sc",
        "expire_date": "2024-09-25T22:44:11.755Z"
    }
}, {
    "model": "sessions.session",
    "pk": "l68pjdvvy7i5zjxozpcfw4kqt35z944y",
    "fields": {
        "session_data": ".eJxVjMsOwiAQAP-FsyErsC149O43kF0eUjWQlPZk_HdD0oNeZybzFp72rfi9p9UvUVyEEadfxhSeqQ4RH1TvTYZWt3VhORJ52C5vLabX9Wj_BoV6GVsGcGHSBnBii0ppY4khgiNH0c0u42w1AhJxNnTOlqPmAFkDBgAlPl_CrTda:1t2yiU:N4VNxN5XbMHF02h5oThjxIL6-Z5sZlIMyZcHHpA-kUs",
        "expire_date": "2024-11-04T20:09:26.225Z"
    }
}, {
    "model": "sessions.session",
    "pk": "ln6e8uakt8p0zbba1hsyuiydm1qurjy2",
    "fields": {
        "session_data": ".eJxVjMsOwiAQRf-FtSHA8HTp3m8gAwNSNTQp7cr479qkC93ec859sYjb2uI2yhInYmfm2Ol3S5gfpe-A7thvM89zX5cp8V3hBx38OlN5Xg7376DhaN9amICQqMrkRfGZFChLUIxU2rhatUwKNRCFAORFzTY5RFMpe7AVnGfvD-4rODw:1t1Mhe:9_dVP65fDPN-y5KOMxwKzppcYs8uw_oUBUrDjDH5cX4",
        "expire_date": "2024-10-31T09:21:54.611Z"
    }
}, {
    "model": "sessions.session",
    "pk": "lom51snfbadt5bxb9fydbtmk4av0fjer",
    "fields": {
        "session_data": ".eJxVjMsOwiAQAP-FsyErsC149O43kF0eUjWQlPZk_HdD0oNeZybzFp72rfi9p9UvUVyEEadfxhSeqQ4RH1TvTYZWt3VhORJ52C5vLabX9Wj_BoV6GVsGcGHSBnBii0ppY4khgiNH0c0u42w1AhJxNnTOlqPmAFkDBgAlPl_CrTda:1t9PeX:3tp4e5vxPxicDCeUAZh59QbI2Nlg4JfoxRJdzZ6dXOY",
        "expire_date": "2024-11-22T14:07:57.596Z"
    }
}, {
    "model": "sessions.session",
    "pk": "lr2lj7xiosjajxgueus9jwacc5z0yyup",
    "fields": {
        "session_data": ".eJxVjLsOAiEURP-F2hDksaClvd9A7gNk1UCy7FbGf1eSLbScOWfmJSJsa4lbT0ucWZyFE4ffDoEeqQ7Ad6i3JqnVdZlRDkXutMtr4_S87O7fQYFevmtygYGPJ2TMyusRctAIOYD1Xk_ZGQjEk9WkM6E2wWVQBr2zQSEl8f4AF2848g:1tAcO2:5dRGXhejIUaGDzhraSmp7V4RMjx0Ie3nqhFQZFopdI4",
        "expire_date": "2024-11-25T21:55:54.409Z"
    }
}, {
    "model": "sessions.session",
    "pk": "lr3hbw6f4o1e5lpgz56yhh06qrqpm18o",
    "fields": {
        "session_data": ".eJxVjDEOwyAQBP9CHSEMHNgp0_sN6I6D4CTCkrGrKH-PLblIim12ZvctAm5rCVtLS5hYXIUWl9-OMD5TPQA_sN5nGee6LhPJQ5EnbXKcOb1up_t3ULCVfQ2DgmjMHrC9Bs_kQA0QswWymm3vTeccOxWRPRnokBJ6lbPx1jhG8fkCtiM3QA:1sl62I:SsrqMn0BLHLCU74V_TFe4uvKAkXIXq-GHvtYkBbufiw",
        "expire_date": "2024-09-16T12:19:58.305Z"
    }
}, {
    "model": "sessions.session",
    "pk": "lvslkakp86fcry86sj1yoho762j89yiq",
    "fields": {
        "session_data": ".eJxVjMsOwiAQRf-FtSEt8hhcuu83EJgZpGogKe3K-O_apAvd3nPOfYkQt7WErfMSZhIXocXpd0sRH1x3QPdYb01iq-syJ7kr8qBdTo34eT3cv4MSe_nWHlXWgM5mIDIJxowc8-A9oD4n45Rm8nYwnh1ysiMqTp4BrCMFOrJ4fwAA1ziV:1slAf9:fXsR-1BcZULsVpzXLjclhdlAtCgQuWOM5RQiNzzs29k",
        "expire_date": "2024-09-16T17:16:23.693Z"
    }
}, {
    "model": "sessions.session",
    "pk": "m00hjr3cbqny549itntb54oi2er416sm",
    "fields": {
        "session_data": ".eJxVjDEOwyAQBP9CHSEMHNgp0_sN6I6D4CTCkrGrKH-PLblIim12ZvctAm5rCVtLS5hYXIUWl9-OMD5TPQA_sN5nGee6LhPJQ5EnbXKcOb1up_t3ULCVfQ2DgmjMHrC9Bs_kQA0QswWymm3vTeccOxWRPRnokBJ6lbPx1jhG8fkCtiM3QA:1snCbU:LoYyCfJ2bBIDCsiQy8TUjKWstRpuLbrHfmNQvrEmD1M",
        "expire_date": "2024-09-22T07:45:00.250Z"
    }
}, {
    "model": "sessions.session",
    "pk": "m0c6le7mop7trm85lhsbxhomzqcvzbm9",
    "fields": {
        "session_data": ".eJxVjLsOAiEURP-F2hDksaClvd9A7gNk1UCy7FbGf1eSLbScOWfmJSJsa4lbT0ucWZyFE4ffDoEeqQ7Ad6i3JqnVdZlRDkXutMtr4_S87O7fQYFevmtygYGPJ2TMyusRctAIOYD1Xk_ZGQjEk9WkM6E2wWVQBr2zQSEl8f4AF2848g:1tAeE5:mxZ7RuIPx_FAs6t8uvSPyBFV3YRRBIbIas8vmTtiVp4",
        "expire_date": "2024-11-25T23:53:45.420Z"
    }
}, {
    "model": "sessions.session",
    "pk": "m0nwgwyfd6o9hl5njoighyxnavywcw7k",
    "fields": {
        "session_data": ".eJxVjDEOwyAQBP9CHSEMHNgp0_sN6I6D4CTCkrGrKH-PLblIim12ZvctAm5rCVtLS5hYXIUWl9-OMD5TPQA_sN5nGee6LhPJQ5EnbXKcOb1up_t3ULCVfQ2DgmjMHrC9Bs_kQA0QswWymm3vTeccOxWRPRnokBJ6lbPx1jhG8fkCtiM3QA:1so6FF:6h_lEQq3K2F98NNYo0Ic9XkXiXTcQ1lN6yEW7yokmj8",
        "expire_date": "2024-09-24T19:09:45.150Z"
    }
}, {
    "model": "sessions.session",
    "pk": "mdis4xj726dogid6udu2pb637joxfoqf",
    "fields": {
        "session_data": ".eJxVjMsOwiAQRf-FtSHA8HTp3m8gAwNSNTQp7cr479qkC93ec859sYjb2uI2yhInYmfm2Ol3S5gfpe-A7thvM89zX5cp8V3hBx38OlN5Xg7376DhaN9amICQqMrkRfGZFChLUIxU2rhatUwKNRCFAORFzTY5RFMpe7AVnGfvD-4rODw:1svXiX:EB9iS-DfOdegH28joQb397_bXKrBRCMxBHX3DOitHYk",
        "expire_date": "2024-10-15T07:54:45.892Z"
    }
}, {
    "model": "sessions.session",
    "pk": "mj1xhnco2ta8ahi6au7ouau7a3l704bk",
    "fields": {
        "session_data": ".eJxVjLsOAiEURP-F2hDksaClvd9A7gNk1UCy7FbGf1eSLbScOWfmJSJsa4lbT0ucWZyFE4ffDoEeqQ7Ad6i3JqnVdZlRDkXutMtr4_S87O7fQYFevmtygYGPJ2TMyusRctAIOYD1Xk_ZGQjEk9WkM6E2wWVQBr2zQSEl8f4AF2848g:1tApbB:JVp_ugcWTEGkIrdBzIaqrkecqv8ptCFD-oC72yKvThQ",
        "expire_date": "2024-11-26T12:02:21.204Z"
    }
}, {
    "model": "sessions.session",
    "pk": "mnta93cxak8d8rb4gn3e2zhpdv57its4",
    "fields": {
        "session_data": ".eJxVjDEOwyAQBP9CHSEMHNgp0_sN6I6D4CTCkrGrKH-PLblIim12ZvctAm5rCVtLS5hYXIUWl9-OMD5TPQA_sN5nGee6LhPJQ5EnbXKcOb1up_t3ULCVfQ2DgmjMHrC9Bs_kQA0QswWymm3vTeccOxWRPRnokBJ6lbPx1jhG8fkCtiM3QA:1snlyZ:WFupLN-vexDqlLY-MW30wEa5oGcR13Hn1Y6Efx3UfeI",
        "expire_date": "2024-09-23T21:31:11.213Z"
    }
}, {
    "model": "sessions.session",
    "pk": "mqc2x02ye6egh15h7wvouvtnvbk5qzsn",
    "fields": {
        "session_data": ".eJxVjDkOwjAUBe_iGlnGcbxQ0nMG62_gALKlOKkQd4dIKaB9M_NeKsO6lLx2mfPE6qRGdfjdEOghdQN8h3prmlpd5gn1puiddn1pLM_z7v4dFOjlW0dn2CYbOAgQCkWPMIQrOhYaQQYakkTnxAQwYNEyGC-JMCQJcvRevT8PmDj4:1so685:FvYe6KEC3kB_vPvcJv0ydvCP3gPvNXMcaGGZL-iXNrE",
        "expire_date": "2024-09-24T19:02:21.751Z"
    }
}, {
    "model": "sessions.session",
    "pk": "n92gpzde0atn0f3isuera5x9m605xe0d",
    "fields": {
        "session_data": ".eJxVjDsOwyAQBe9CHSH-mJTpfQa0C0twEmHJ2FWUu0dILpL2zcx7swjHXuPRaYtLZlem2OV3Q0hPagPkB7T7ytPa9m1BPhR-0s7nNdPrdrp_BxV6HXVAIb3xUjkNCEZrdBaLd9rIHKwWhCQ8GuXApUKThTCJ4IogSbZ4YJ8vzPs3oQ:1tAKQY:V2QADGN2jhoKKYI_8pzHLhA__tdqmIZYB2xumlhDVQU",
        "expire_date": "2024-11-25T02:45:18.281Z"
    }
}, {
    "model": "sessions.session",
    "pk": "nf2hv8ged2jb55vxbx900looc9t3gt4f",
    "fields": {
        "session_data": ".eJxVjDsOwyAQBe9CHSH-mJTpfQa0C0twEmHJ2FWUu0dILpL2zcx7swjHXuPRaYtLZlem2OV3Q0hPagPkB7T7ytPa9m1BPhR-0s7nNdPrdrp_BxV6HXVAIb3xUjkNCEZrdBaLd9rIHKwWhCQ8GuXApUKThTCJ4IogSbZ4YJ8vzPs3oQ:1tAJic:RLusK4_jE5SzVw4yd8qY8lZ8JZvqCQsgly5lZGtSoF4",
        "expire_date": "2024-11-25T01:59:54.015Z"
    }
}, {
    "model": "sessions.session",
    "pk": "nhlyeux2o7zxfdp3psdfbllp5x78zmgs",
    "fields": {
        "session_data": ".eJxVjLsOAiEURP-F2hDksaClvd9A7gNk1UCy7FbGf1eSLbScOWfmJSJsa4lbT0ucWZyFE4ffDoEeqQ7Ad6i3JqnVdZlRDkXutMtr4_S87O7fQYFevmtygYGPJ2TMyusRctAIOYD1Xk_ZGQjEk9WkM6E2wWVQBr2zQSEl8f4AF2848g:1tAgUE:p5vGSGzOdtbENCHvtcbavdIfVwLke5SN98cqBj5xXCs",
        "expire_date": "2024-11-26T02:18:34.379Z"
    }
}, {
    "model": "sessions.session",
    "pk": "nlwgdqz6tsmn65q6r1r999qdi1qai0ia",
    "fields": {
        "session_data": ".eJxVjMsOwiAQRf-FtSHA8HTp3m8gAwNSNTQp7cr479qkC93ec859sYjb2uI2yhInYmfm2Ol3S5gfpe-A7thvM89zX5cp8V3hBx38OlN5Xg7376DhaN9amICQqMrkRfGZFChLUIxU2rhatUwKNRCFAORFzTY5RFMpe7AVnGfvD-4rODw:1t1Oe1:4-ba9whVffai4ylV3GVWQuRrD_XBHEbbeA7kzd3qMpk",
        "expire_date": "2024-10-31T11:26:17.589Z"
    }
}, {
    "model": "sessions.session",
    "pk": "nmiqi5lqx92hw5yz1gr743mxn9np0oab",
    "fields": {
        "session_data": ".eJxVjMsOwiAQAP-FsyErsC149O43kF0eUjWQlPZk_HdD0oNeZybzFp72rfi9p9UvUVyEEadfxhSeqQ4RH1TvTYZWt3VhORJ52C5vLabX9Wj_BoV6GVsGcGHSBnBii0ppY4khgiNH0c0u42w1AhJxNnTOlqPmAFkDBgAlPl_CrTda:1t2yS5:LXNaMJGqK2lbDMMbZXUEPntbd0NFaLcmbKNQZaNNhAA",
        "expire_date": "2024-11-04T19:52:29.469Z"
    }
}, {
    "model": "sessions.session",
    "pk": "ntlcjjb9jnfczk0orpp7fo2sygyg08uy",
    "fields": {
        "session_data": ".eJxVjLsOAiEURP-F2hDksaClvd9A7gNk1UCy7FbGf1eSLbScOWfmJSJsa4lbT0ucWZyFE4ffDoEeqQ7Ad6i3JqnVdZlRDkXutMtr4_S87O7fQYFevmtygYGPJ2TMyusRctAIOYD1Xk_ZGQjEk9WkM6E2wWVQBr2zQSEl8f4AF2848g:1tAf3M:KnRuOFbBuRe5SaRKKAAGn9QUHzof6Vq9j4OeG6cqNu0",
        "expire_date": "2024-11-26T00:46:44.331Z"
    }
}, {
    "model": "sessions.session",
    "pk": "nuruuvst6orspalgms164478pxpbfouk",
    "fields": {
        "session_data": ".eJxljMEOwiAQBf-Fc0OQUig9evcbyLJsLYqQtMWL8d-1pjExXmfmvQcDxFLz6u40xzFScHSDmNiQa0rN19aFZjawjjXMQV2nD3Ax_DMPeKW8iXCBfC4cS17n6PmW8N0u_FQCpePe_hxMsEzvda9EkFaaYAjQE_baQ2tGrwJhB9Ria6lXioQBAdLLAEKTRW8sGTpozZ4vpRVKjA:1slmwK:R9CgF7vfRFzj6FoemoZk4njQMmaBHq1NLk5h3rAVlhA",
        "expire_date": "2024-09-18T10:08:40.001Z"
    }
}, {
    "model": "sessions.session",
    "pk": "obakyqr02kv6y6isxuym5kpyy12dlvwv",
    "fields": {
        "session_data": ".eJxVjM0OwiAQhN-FsyEsPwIevfcZCLusUjU0Ke3J-O62SQ96m8z3zbxFyutS09p5TmMRFxHE6bfDTE9uOyiP3O6TpKkt84hyV-RBuxymwq_r4f4d1NzrtgYPJagCNhRnEQIqMg4iktkCsKaQvY7Re29RB47mZtE6RWdn2IEG8fkCwfg2sA:1t668X:UtcA8AYs-FOOtaclK2z85AhLE7LiZlqEgIK5wUOZ6zM",
        "expire_date": "2024-11-13T10:41:13.794Z"
    }
}, {
    "model": "sessions.session",
    "pk": "ofupw3cjoqyizvaqhcj4kd8sq5gcq4ly",
    "fields": {
        "session_data": ".eJxVjLsOAiEURP-F2hDksaClvd9A7gNk1UCy7FbGf1eSLbScOWfmJSJsa4lbT0ucWZyFE4ffDoEeqQ7Ad6i3JqnVdZlRDkXutMtr4_S87O7fQYFevmtygYGPJ2TMyusRctAIOYD1Xk_ZGQjEk9WkM6E2wWVQBr2zQSEl8f4AF2848g:1tApb0:QxTwbnrO5W5HtXZrcYYiqtRYCcTSdWB-2PjSHyMNmew",
        "expire_date": "2024-11-26T12:02:10.136Z"
    }
}, {
    "model": "sessions.session",
    "pk": "ogmi8pswt7wml4o2mazpai27zuu0dbr6",
    "fields": {
        "session_data": ".eJxVjMsOwiAQAP-FsyErsC149O43kF0eUjWQlPZk_HdD0oNeZybzFp72rfi9p9UvUVyEEadfxhSeqQ4RH1TvTYZWt3VhORJ52C5vLabX9Wj_BoV6GVsGcGHSBnBii0ppY4khgiNH0c0u42w1AhJxNnTOlqPmAFkDBgAlPl_CrTda:1tAaW4:OvXYFbLPbUO21e1ruv8WaGFaYPjKgbIZnHYNSO35fjs",
        "expire_date": "2024-11-25T19:56:04.958Z"
    }
}, {
    "model": "sessions.session",
    "pk": "ogz1yqb3h8w62qhop350sua70fzz1030",
    "fields": {
        "session_data": ".eJxVjDsOwyAQBe9CHSH-mJTpfQa0C0twEmHJ2FWUu0dILpL2zcx7swjHXuPRaYtLZlem2OV3Q0hPagPkB7T7ytPa9m1BPhR-0s7nNdPrdrp_BxV6HXVAIb3xUjkNCEZrdBaLd9rIHKwWhCQ8GuXApUKThTCJ4IogSbZ4YJ8vzPs3oQ:1tAKlR:was1PGwdxyw06-AfmbrXwesGV3C4-aYn3QVCwqUR4Fo",
        "expire_date": "2024-11-25T03:06:53.640Z"
    }
}, {
    "model": "sessions.session",
    "pk": "oir4259fb0fh5j7v6uecrjjair9lfspf",
    "fields": {
        "session_data": ".eJxVjDsOwyAQBe9CHSH-mJTpfQa0C0twEmHJ2FWUu0dILpL2zcx7swjHXuPRaYtLZlem2OV3Q0hPagPkB7T7ytPa9m1BPhR-0s7nNdPrdrp_BxV6HXVAIb3xUjkNCEZrdBaLd9rIHKwWhCQ8GuXApUKThTCJ4IogSbZ4YJ8vzPs3oQ:1tAITq:ifTB5tP5ZGsFhSMwZX99EA88K3O32boIywRa3dn_AfU",
        "expire_date": "2024-11-25T00:40:34.146Z"
    }
}, {
    "model": "sessions.session",
    "pk": "ojfuxjalmt8texe1fk114i9xmjqqr9vp",
    "fields": {
        "session_data": ".eJxVjLsOAiEURP-F2hDksaClvd9A7gNk1UCy7FbGf1eSLbScOWfmJSJsa4lbT0ucWZyFE4ffDoEeqQ7Ad6i3JqnVdZlRDkXutMtr4_S87O7fQYFevmtygYGPJ2TMyusRctAIOYD1Xk_ZGQjEk9WkM6E2wWVQBr2zQSEl8f4AF2848g:1tAcSM:AkQBE-BDZ4wOXRwRUwVnyWwXpkWkvoArXTujl4axXPQ",
        "expire_date": "2024-11-25T22:00:22.983Z"
    }
}, {
    "model": "sessions.session",
    "pk": "ol4pc1e2hpq367ep6mgpkpyw7y1zpvam",
    "fields": {
        "session_data": ".eJxVjLsOAiEURP-F2hDksaClvd9A7gNk1UCy7FbGf1eSLbScOWfmJSJsa4lbT0ucWZyFE4ffDoEeqQ7Ad6i3JqnVdZlRDkXutMtr4_S87O7fQYFevmtygYGPJ2TMyusRctAIOYD1Xk_ZGQjEk9WkM6E2wWVQBr2zQSEl8f4AF2848g:1tA49s:sa8PtaHnRscVBMCEDpBslxYAndx1hBUuo1qyumNP4eA",
        "expire_date": "2024-11-24T09:23:00.464Z"
    }
}, {
    "model": "sessions.session",
    "pk": "opxc1wxzyttvhzgc805gax78zwpsbhdl",
    "fields": {
        "session_data": ".eJxVjDsOwyAQBe9CHSH-mJTpfQa0C0twEmHJ2FWUu0dILpL2zcx7swjHXuPRaYtLZlem2OV3Q0hPagPkB7T7ytPa9m1BPhR-0s7nNdPrdrp_BxV6HXVAIb3xUjkNCEZrdBaLd9rIHKwWhCQ8GuXApUKThTCJ4IogSbZ4YJ8vzPs3oQ:1tASBA:J0MynYd1q9kc1XR3_X1BnRZq3wfuSSB4EYLXHfQ4DOo",
        "expire_date": "2024-11-25T11:01:56.870Z"
    }
}, {
    "model": "sessions.session",
    "pk": "oytabon08zia7bu1kocqsh3ocgidfooz",
    "fields": {
        "session_data": ".eJxVjMsOwiAQAP-FsyErsC149O43kF0eUjWQlPZk_HdD0oNeZybzFp72rfi9p9UvUVyEEadfxhSeqQ4RH1TvTYZWt3VhORJ52C5vLabX9Wj_BoV6GVsGcGHSBnBii0ppY4khgiNH0c0u42w1AhJxNnTOlqPmAFkDBgAlPl_CrTda:1tAe2N:qyd2pI-CsSAI8Vojdd6n2lUqLzvvc2pk1jvIGpP9hP8",
        "expire_date": "2024-11-25T23:41:39.552Z"
    }
}, {
    "model": "sessions.session",
    "pk": "oz9ubpplyi9adm5hrg1kmyjsfuswr95k",
    "fields": {
        "session_data": ".eJxVjLsOAiEURP-F2hDksaClvd9A7gNk1UCy7FbGf1eSLbScOWfmJSJsa4lbT0ucWZyFE4ffDoEeqQ7Ad6i3JqnVdZlRDkXutMtr4_S87O7fQYFevmtygYGPJ2TMyusRctAIOYD1Xk_ZGQjEk9WkM6E2wWVQBr2zQSEl8f4AF2848g:1tAagh:QJ2o_CX8nTKs4Q8es4LxOHz7fshrE4wXxXiDvAWsDgY",
        "expire_date": "2024-11-25T20:07:03.030Z"
    }
}, {
    "model": "sessions.session",
    "pk": "p1dmso486rpa8s3ba3ebyv4014e66xjp",
    "fields": {
        "session_data": ".eJxVjMsOwiAQAP-FsyErsC149O43kF0eUjWQlPZk_HdD0oNeZybzFp72rfi9p9UvUVyEEadfxhSeqQ4RH1TvTYZWt3VhORJ52C5vLabX9Wj_BoV6GVsGcGHSBnBii0ppY4khgiNH0c0u42w1AhJxNnTOlqPmAFkDBgAlPl_CrTda:1tAYRK:aBtPMgXDGnY7BRWZRi8xjdftnd5yilz0lDvxsggfPY8",
        "expire_date": "2024-11-25T17:43:02.953Z"
    }
}, {
    "model": "sessions.session",
    "pk": "p5xvv0lju1p194uqfhwop5i915yg4sm5",
    "fields": {
        "session_data": ".eJxVjMsOwiAQAP-FsyErsC149O43kF0eUjWQlPZk_HdD0oNeZybzFp72rfi9p9UvUVyEEadfxhSeqQ4RH1TvTYZWt3VhORJ52C5vLabX9Wj_BoV6GVsGcGHSBnBii0ppY4khgiNH0c0u42w1AhJxNnTOlqPmAFkDBgAlPl_CrTda:1t2ymo:gh9inXiltQcSqBcnzpTGdMQxE6UnEMBVeG95IW8kZNc",
        "expire_date": "2024-11-04T20:13:54.311Z"
    }
}, {
    "model": "sessions.session",
    "pk": "p67r8dt5n5l8ero98rfjkmq8qnd3a625",
    "fields": {
        "session_data": ".eJxVjLsOAiEURP-F2hDksaClvd9A7gNk1UCy7FbGf1eSLbScOWfmJSJsa4lbT0ucWZyFE4ffDoEeqQ7Ad6i3JqnVdZlRDkXutMtr4_S87O7fQYFevmtygYGPJ2TMyusRctAIOYD1Xk_ZGQjEk9WkM6E2wWVQBr2zQSEl8f4AF2848g:1tAgR8:f9BZ--31E7sO1bNHGif3heerd_xjQldrI6GSEM2swQE",
        "expire_date": "2024-11-26T02:15:22.442Z"
    }
}, {
    "model": "sessions.session",
    "pk": "pbfpamqzukb1anv1rn7ft83ts0zbfcxw",
    "fields": {
        "session_data": ".eJxVjDEOwyAQBP9CHSEMHNgp0_sN6I6D4CTCkrGrKH-PLblIim12ZvctAm5rCVtLS5hYXIUWl9-OMD5TPQA_sN5nGee6LhPJQ5EnbXKcOb1up_t3ULCVfQ2DgmjMHrC9Bs_kQA0QswWymm3vTeccOxWRPRnokBJ6lbPx1jhG8fkCtiM3QA:1sl62B:VfA6CVbV_zlSysibKsYf40oVEBtL97itx9RdFQQLy04",
        "expire_date": "2024-09-16T12:19:51.342Z"
    }
}, {
    "model": "sessions.session",
    "pk": "phx9muwdzxc33jmiohx0w2g7nynkh18x",
    "fields": {
        "session_data": ".eJxVjDsOwyAQBe9CHSH-mJTpfQa0C0twEmHJ2FWUu0dILpL2zcx7swjHXuPRaYtLZlem2OV3Q0hPagPkB7T7ytPa9m1BPhR-0s7nNdPrdrp_BxV6HXVAIb3xUjkNCEZrdBaLd9rIHKwWhCQ8GuXApUKThTCJ4IogSbZ4YJ8vzPs3oQ:1tASJp:SYcq6h8j8ZXVegwvG5JgGV4SUXb6A_-77y37O6UD1YE",
        "expire_date": "2024-11-25T11:10:53.756Z"
    }
}, {
    "model": "sessions.session",
    "pk": "pmzs1518k0w18p9efn13mquvwk6ckvpm",
    "fields": {
        "session_data": ".eJxVjLsOAiEURP-F2hDksaClvd9A7gNk1UCy7FbGf1eSLbScOWfmJSJsa4lbT0ucWZyFE4ffDoEeqQ7Ad6i3JqnVdZlRDkXutMtr4_S87O7fQYFevmtygYGPJ2TMyusRctAIOYD1Xk_ZGQjEk9WkM6E2wWVQBr2zQSEl8f4AF2848g:1tAf3O:jnIaHi8KMj6vCB8s4YuEXO_a85KmvpmrIkI9YfMeec0",
        "expire_date": "2024-11-26T00:46:46.700Z"
    }
}, {
    "model": "sessions.session",
    "pk": "pqhb0pn1kdidtjo53f8mshtk8qxemdjb",
    "fields": {
        "session_data": ".eJxVjLsOAiEURP-F2hDksaClvd9A7gNk1UCy7FbGf1eSLbScOWfmJSJsa4lbT0ucWZyFE4ffDoEeqQ7Ad6i3JqnVdZlRDkXutMtr4_S87O7fQYFevmtygYGPJ2TMyusRctAIOYD1Xk_ZGQjEk9WkM6E2wWVQBr2zQSEl8f4AF2848g:1tArHu:BO07pt1Fo2JAUdZ7klRa6wf5TxQnniowBLI9C40Z-Vk",
        "expire_date": "2024-11-26T13:50:34.756Z"
    }
}, {
    "model": "sessions.session",
    "pk": "px94x094r3okciki06i0nljst3533sie",
    "fields": {
        "session_data": ".eJxVjDEOwyAQBP9CHSEMHNgp0_sN6I6D4CTCkrGrKH-PLblIim12ZvctAm5rCVtLS5hYXIUWl9-OMD5TPQA_sN5nGee6LhPJQ5EnbXKcOb1up_t3ULCVfQ2DgmjMHrC9Bs_kQA0QswWymm3vTeccOxWRPRnokBJ6lbPx1jhG8fkCtiM3QA:1tAH5u:hnwa9LmEXrG6NgSniaAcZAujItJ_wLePgKWUz5xKLnc",
        "expire_date": "2024-11-24T23:11:46.057Z"
    }
}, {
    "model": "sessions.session",
    "pk": "q04xr6nlr5nzasjg3bqm51vtuz12bm5d",
    "fields": {
        "session_data": ".eJxVjMsOwiAQAP-FsyErsC149O43kF0eUjWQlPZk_HdD0oNeZybzFp72rfi9p9UvUVyEEadfxhSeqQ4RH1TvTYZWt3VhORJ52C5vLabX9Wj_BoV6GVsGcGHSBnBii0ppY4khgiNH0c0u42w1AhJxNnTOlqPmAFkDBgAlPl_CrTda:1tBDfu:Gs6yAQvMT3mTFBQtCxyWklSwUqsbf_TXIQJ9GZCWLWc",
        "expire_date": "2024-11-27T13:44:50.748Z"
    }
}, {
    "model": "sessions.session",
    "pk": "q1wqq4rtggyjsse9dc5m2yer2i0sg4tj",
    "fields": {
        "session_data": ".eJxVjLsOAiEURP-F2hDksaClvd9A7gNk1UCy7FbGf1eSLbScOWfmJSJsa4lbT0ucWZyFE4ffDoEeqQ7Ad6i3JqnVdZlRDkXutMtr4_S87O7fQYFevmtygYGPJ2TMyusRctAIOYD1Xk_ZGQjEk9WkM6E2wWVQBr2zQSEl8f4AF2848g:1tApb9:XjbIy3wQubYusiT_YJ9ZZgP5RPVEMkcv6kT5UPhIaj0",
        "expire_date": "2024-11-26T12:02:19.930Z"
    }
}, {
    "model": "sessions.session",
    "pk": "q8t3u5wdzjjj3v3zos240ph320ok7jfn",
    "fields": {
        "session_data": ".eJxVjLsOAiEURP-F2hDksaClvd9A7gNk1UCy7FbGf1eSLbScOWfmJSJsa4lbT0ucWZyFE4ffDoEeqQ7Ad6i3JqnVdZlRDkXutMtr4_S87O7fQYFevmtygYGPJ2TMyusRctAIOYD1Xk_ZGQjEk9WkM6E2wWVQBr2zQSEl8f4AF2848g:1tAcdK:NkhysMD3MXWH1U-y6Pew3UdyJS9hHOpsBtfRwqF12zE",
        "expire_date": "2024-11-25T22:11:42.239Z"
    }
}, {
    "model": "sessions.session",
    "pk": "qk6f4eydgyruh7lsuu2dx69jw15l5c6e",
    "fields": {
        "session_data": ".eJxVjLsOAiEURP-F2hDksaClvd9A7gNk1UCy7FbGf1eSLbScOWfmJSJsa4lbT0ucWZyFE4ffDoEeqQ7Ad6i3JqnVdZlRDkXutMtr4_S87O7fQYFevmtygYGPJ2TMyusRctAIOYD1Xk_ZGQjEk9WkM6E2wWVQBr2zQSEl8f4AF2848g:1tAoLP:TXAZldFUS5lwSkT0vdMcHhnPVMt095Wt08Q-r3oDlPc",
        "expire_date": "2024-11-26T10:41:59.537Z"
    }
}, {
    "model": "sessions.session",
    "pk": "qk72iwgbryew9ucxkg066jcyzzi5jiuy",
    "fields": {
        "session_data": ".eJxVjDEOwyAQBP9CHSEMHNgp0_sN6I6D4CTCkrGrKH-PLblIim12ZvctAm5rCVtLS5hYXIUWl9-OMD5TPQA_sN5nGee6LhPJQ5EnbXKcOb1up_t3ULCVfQ2DgmjMHrC9Bs_kQA0QswWymm3vTeccOxWRPRnokBJ6lbPx1jhG8fkCtiM3QA:1soKoU:eQZMtIjdJBZvyPUQV6mMscJPbttpv3kprFmMPGHhjCQ",
        "expire_date": "2024-09-25T10:43:06.220Z"
    }
}, {
    "model": "sessions.session",
    "pk": "qkd72xmh5ckt5p5jk0sjt06qz7qjf7it",
    "fields": {
        "session_data": ".eJxVjLsOAiEURP-F2hDksaClvd9A7gNk1UCy7FbGf1eSLbScOWfmJSJsa4lbT0ucWZyFE4ffDoEeqQ7Ad6i3JqnVdZlRDkXutMtr4_S87O7fQYFevmtygYGPJ2TMyusRctAIOYD1Xk_ZGQjEk9WkM6E2wWVQBr2zQSEl8f4AF2848g:1tApDp:tNNapKMpJCWRfgz_8qhe678iW_H801zgCYuuY3Evlrg",
        "expire_date": "2024-11-26T11:38:13.051Z"
    }
}, {
    "model": "sessions.session",
    "pk": "qs3le6jwyyozkn7uw3tjxiqlj07qyds9",
    "fields": {
        "session_data": ".eJxVjLsOAiEURP-F2hDksaClvd9A7gNk1UCy7FbGf1eSLbScOWfmJSJsa4lbT0ucWZyFE4ffDoEeqQ7Ad6i3JqnVdZlRDkXutMtr4_S87O7fQYFevmtygYGPJ2TMyusRctAIOYD1Xk_ZGQjEk9WkM6E2wWVQBr2zQSEl8f4AF2848g:1tAcz9:JSrql-fyHme0N1zCU43mUk9LZ0XytqTC3qITvdtmheE",
        "expire_date": "2024-11-25T22:34:15.255Z"
    }
}, {
    "model": "sessions.session",
    "pk": "quzuke12351ianshobsouxlxuf0pgt97",
    "fields": {
        "session_data": ".eJxVjDEOwyAQBP9CHSEMHNgp0_sN6I6D4CTCkrGrKH-PLblIim12ZvctAm5rCVtLS5hYXIUWl9-OMD5TPQA_sN5nGee6LhPJQ5EnbXKcOb1up_t3ULCVfQ2DgmjMHrC9Bs_kQA0QswWymm3vTeccOxWRPRnokBJ6lbPx1jhG8fkCtiM3QA:1sl8hv:F1h3kg1Db5KNzxR8LDD7w6fMUFTxUTDMo_W1SvluNpQ",
        "expire_date": "2024-09-16T15:11:07.349Z"
    }
}, {
    "model": "sessions.session",
    "pk": "r13u6lzyx6azp16bgpff1eog2219iito",
    "fields": {
        "session_data": ".eJxVjLsOAiEURP-F2hDksaClvd9A7gNk1UCy7FbGf1eSLbScOWfmJSJsa4lbT0ucWZyFE4ffDoEeqQ7Ad6i3JqnVdZlRDkXutMtr4_S87O7fQYFevmtygYGPJ2TMyusRctAIOYD1Xk_ZGQjEk9WkM6E2wWVQBr2zQSEl8f4AF2848g:1tAcvF:IN26ekpYeNTzGQYog5vr6j4qTilSkZ6uh5rzcOl32Ug",
        "expire_date": "2024-11-25T22:30:13.162Z"
    }
}, {
    "model": "sessions.session",
    "pk": "r17k8l7xflahzuh6cxn0t74vdcnfz7oy",
    "fields": {
        "session_data": ".eJxVjEEOwiAQAP_C2RAMsIJH776B7C5bqRpISntq_Lsh6UGvM5PZVcJtLWnrsqQ5q6sCdfplhPySOkR-Yn00za2uy0x6JPqwXd9blvftaP8GBXsZW0CMbCJOjBYkeCDhzI49uzOYGIz1zoCl7MlliOiQbDAXYZq8SFSfL_2nOJg:1so7KQ:BAbG1LPZFVtfT2MIClVgqh5F3SowvGdxi7RRV613Vt4",
        "expire_date": "2024-09-24T20:19:10.076Z"
    }
}, {
    "model": "sessions.session",
    "pk": "r48n14ko0gawujsz3o2beya7tnnbty5f",
    "fields": {
        "session_data": ".eJxVjMsOwiAQRf-FtSHA8HTp3m8gAwNSNTQp7cr479qkC93ec859sYjb2uI2yhInYmfm2Ol3S5gfpe-A7thvM89zX5cp8V3hBx38OlN5Xg7376DhaN9amICQqMrkRfGZFChLUIxU2rhatUwKNRCFAORFzTY5RFMpe7AVnGfvD-4rODw:1sv9Tx:ssWAyJHItoC4wVmmIq7B9VjyQ8W0Ftu6xlRBqGy8y2A",
        "expire_date": "2024-10-14T06:02:05.389Z"
    }
}, {
    "model": "sessions.session",
    "pk": "r6czioueephe4f7t59np15fzxhq4jtr2",
    "fields": {
        "session_data": ".eJxVjEEOwiAQRe_C2pAyMLS4dN8zkIEZpWpoUtqV8e7apAvd_vfef6lI21ri1mSJE6uzsur0uyXKD6k74DvV26zzXNdlSnpX9EGbHmeW5-Vw_w4KtfKtIXg2PgzZEiQQFIMerz37xI4ZYDAuG-EO0SWL4MT5bDuLfcZgPSX1_gDR8Tc_:1skrmL:I3zI2nr4wnQWgOUloMrS2hbWHDtjzVIyqmcvRyxKoMw",
        "expire_date": "2024-09-15T21:06:33.890Z"
    }
}, {
    "model": "sessions.session",
    "pk": "r9bblitqjg4121ft606bhl4vkzi0lb1a",
    "fields": {
        "session_data": ".eJxVjMsOwiAQAP-FsyErsC149O43kF0eUjWQlPZk_HdD0oNeZybzFp72rfi9p9UvUVyEEadfxhSeqQ4RH1TvTYZWt3VhORJ52C5vLabX9Wj_BoV6GVsGcGHSBnBii0ppY4khgiNH0c0u42w1AhJxNnTOlqPmAFkDBgAlPl_CrTda:1tAYRh:AoLeJoagZVpF8A6mRGE1zH1QPHLdc4Tmh8eASdUCaDM",
        "expire_date": "2024-11-25T17:43:25.277Z"
    }
}, {
    "model": "sessions.session",
    "pk": "rc2ck5jfvfgkjtnle5m0zdneb8g0ozy4",
    "fields": {
        "session_data": ".eJxVjLsOAiEURP-F2hDksaClvd9A7gNk1UCy7FbGf1eSLbScOWfmJSJsa4lbT0ucWZyFE4ffDoEeqQ7Ad6i3JqnVdZlRDkXutMtr4_S87O7fQYFevmtygYGPJ2TMyusRctAIOYD1Xk_ZGQjEk9WkM6E2wWVQBr2zQSEl8f4AF2848g:1tApb8:Gu43NGeOWUWydC2i-41UjtGuQUxY9zwzt62waoeYUDU",
        "expire_date": "2024-11-26T12:02:18.961Z"
    }
}, {
    "model": "sessions.session",
    "pk": "rcak5bm8g8ajanwlha5kup27y6y87buo",
    "fields": {
        "session_data": ".eJxVjDEOwyAQBP9CHSEMHNgp0_sN6I6D4CTCkrGrKH-PLblIim12ZvctAm5rCVtLS5hYXIUWl9-OMD5TPQA_sN5nGee6LhPJQ5EnbXKcOb1up_t3ULCVfQ2DgmjMHrC9Bs_kQA0QswWymm3vTeccOxWRPRnokBJ6lbPx1jhG8fkCtiM3QA:1so8Ai:jIT4vnPRkQyfwVMd_-PZMSz8Np-oy5h8XxwGazWD8gg",
        "expire_date": "2024-09-24T21:13:12.138Z"
    }
}, {
    "model": "sessions.session",
    "pk": "rmk0ej68ibnxqfbt99872480ot11osd3",
    "fields": {
        "session_data": ".eJxVjMsOwiAQAP-FsyErsC149O43kF0eUjWQlPZk_HdD0oNeZybzFp72rfi9p9UvUVyEEadfxhSeqQ4RH1TvTYZWt3VhORJ52C5vLabX9Wj_BoV6GVsGcGHSBnBii0ppY4khgiNH0c0u42w1AhJxNnTOlqPmAFkDBgAlPl_CrTda:1t2ytj:LNjwPb7S8CPvrBxiBCkj556Nup5GA4V7qDysv1VlImw",
        "expire_date": "2024-11-04T20:21:03.564Z"
    }
}, {
    "model": "sessions.session",
    "pk": "rngwpozdrem9ejncmy06b87o7h5t7n3w",
    "fields": {
        "session_data": ".eJxVjDEOwyAQBP9CHSEMHNgp0_sN6I6D4CTCkrGrKH-PLblIim12ZvctAm5rCVtLS5hYXIUWl9-OMD5TPQA_sN5nGee6LhPJQ5EnbXKcOb1up_t3ULCVfQ2DgmjMHrC9Bs_kQA0QswWymm3vTeccOxWRPRnokBJ6lbPx1jhG8fkCtiM3QA:1tAaWX:n9oORnCewGeLBs7lgizJ9l-vLmEWggAV3tzBySblnGI",
        "expire_date": "2024-11-25T19:56:33.794Z"
    }
}, {
    "model": "sessions.session",
    "pk": "rnq2pcbdz2ycmwkazidfzb44ehh0s48u",
    "fields": {
        "session_data": ".eJxVjLsOAiEURP-F2hDksaClvd9A7gNk1UCy7FbGf1eSLbScOWfmJSJsa4lbT0ucWZyFE4ffDoEeqQ7Ad6i3JqnVdZlRDkXutMtr4_S87O7fQYFevmtygYGPJ2TMyusRctAIOYD1Xk_ZGQjEk9WkM6E2wWVQBr2zQSEl8f4AF2848g:1so6AZ:OMs2oP4fcN2I9ix-vDH0FO6cfnGTVTAdsM_RDvIPujE",
        "expire_date": "2024-09-24T19:04:55.503Z"
    }
}, {
    "model": "sessions.session",
    "pk": "rnvy3zxucgwsb4i5c6t4utzsn5q310fu",
    "fields": {
        "session_data": ".eJxVjMsOwiAQAP-FsyErsC149O43kF0eUjWQlPZk_HdD0oNeZybzFp72rfi9p9UvUVyEEadfxhSeqQ4RH1TvTYZWt3VhORJ52C5vLabX9Wj_BoV6GVsGcGHSBnBii0ppY4khgiNH0c0u42w1AhJxNnTOlqPmAFkDBgAlPl_CrTda:1tAa9Y:j4IVLFs6dT9l1G45GFcnaXplnONO2qUm--eYO_G3b2o",
        "expire_date": "2024-11-25T19:32:48.234Z"
    }
}, {
    "model": "sessions.session",
    "pk": "ro0d2nd8ns85fiiwx9f15ewrtl23gfn3",
    "fields": {
        "session_data": ".eJxVjEEOwiAQRe_C2hAoZUCX7j0DGYZBqgaS0q6MdzckXej2v_f-WwTctxL2zmtYkriISZx-t4j05DpAemC9N0mtbusS5VDkQbu8tcSv6-H-HRTsZdQZ00zJgmKPSNoAw5R9JOvP2TrtVISZtctsktNokImBMkDMBN4p8fkCEgU4_w:1skjhU:9g1am1BbUQTBpYmVJSb024YcWDt0CjwKo1jCfDSbyCk",
        "expire_date": "2024-09-15T12:29:00.263Z"
    }
}, {
    "model": "sessions.session",
    "pk": "rvi9zadw6baoo2p04be7en6jsdiev27p",
    "fields": {
        "session_data": ".eJxVjMsOwiAQAP-FsyErsC149O43kF0eUjWQlPZk_HdD0oNeZybzFp72rfi9p9UvUVyEEadfxhSeqQ4RH1TvTYZWt3VhORJ52C5vLabX9Wj_BoV6GVsGcGHSBnBii0ppY4khgiNH0c0u42w1AhJxNnTOlqPmAFkDBgAlPl_CrTda:1t6Vjf:jCw1we-L9kIJ_ttElrMNnU6f3yym1mxykvE-bzWJFWw",
        "expire_date": "2024-11-14T14:01:15.760Z"
    }
}, {
    "model": "sessions.session",
    "pk": "s0ns70snc30ay27hgstmz850hf84ezgo",
    "fields": {
        "session_data": ".eJxVjMsOwiAQAP-FsyErsC149O43kF0eUjWQlPZk_HdD0oNeZybzFp72rfi9p9UvUVyEEadfxhSeqQ4RH1TvTYZWt3VhORJ52C5vLabX9Wj_BoV6GVsGcGHSBnBii0ppY4khgiNH0c0u42w1AhJxNnTOlqPmAFkDBgAlPl_CrTda:1t2yQa:Pzq3Lj_JdxoHstuAPLGhyIeRpP_bLwoXVjjOsjmJqMw",
        "expire_date": "2024-11-04T19:50:56.656Z"
    }
}, {
    "model": "sessions.session",
    "pk": "s5lwhji0wsvz852rsm3g9jp28fs070ry",
    "fields": {
        "session_data": ".eJxVjMsOwiAQAP-FsyErsC149O43kF0eUjWQlPZk_HdD0oNeZybzFp72rfi9p9UvUVyEEadfxhSeqQ4RH1TvTYZWt3VhORJ52C5vLabX9Wj_BoV6GVsGcGHSBnBii0ppY4khgiNH0c0u42w1AhJxNnTOlqPmAFkDBgAlPl_CrTda:1tAYRD:ze1b3m-7NgWsC1MD1mASKNc8Os-HJ4g9e36owNEWeSQ",
        "expire_date": "2024-11-25T17:42:55.984Z"
    }
}, {
    "model": "sessions.session",
    "pk": "slfbnj1nnx9kninwdr9ixl5z6jqz7mod",
    "fields": {
        "session_data": ".eJxVjLsOAiEURP-F2hDksaClvd9A7gNk1UCy7FbGf1eSLbScOWfmJSJsa4lbT0ucWZyFE4ffDoEeqQ7Ad6i3JqnVdZlRDkXutMtr4_S87O7fQYFevmtygYGPJ2TMyusRctAIOYD1Xk_ZGQjEk9WkM6E2wWVQBr2zQSEl8f4AF2848g:1tAcOE:Ce4kqfktOA4Dmc-14dAI1bhQ0OIiBllxGGpvkePnNMY",
        "expire_date": "2024-11-25T21:56:06.121Z"
    }
}, {
    "model": "sessions.session",
    "pk": "sqqnvcpbgsqjbyckm83xsx8y1gopttk7",
    "fields": {
        "session_data": ".eJxVjLsOAiEURP-F2hDksaClvd9A7gNk1UCy7FbGf1eSLbScOWfmJSJsa4lbT0ucWZyFE4ffDoEeqQ7Ad6i3JqnVdZlRDkXutMtr4_S87O7fQYFevmtygYGPJ2TMyusRctAIOYD1Xk_ZGQjEk9WkM6E2wWVQBr2zQSEl8f4AF2848g:1tAp5Y:RwTD8PAW2EFf2tDgzwWtnVkl51MVjRsCDyw3EqBPLYE",
        "expire_date": "2024-11-26T11:29:40.493Z"
    }
}, {
    "model": "sessions.session",
    "pk": "svdiwknzff21dqna3ygh12d4wgdfilna",
    "fields": {
        "session_data": ".eJxljMEOwiAQBf-Fc0NooAV69O43kGVZLIqQtMWL8d9NTWNivM7Me08GiLWVzT1oSTFRcHSHlNlUWs7d17aVFjYxyzrmoG3zB7gU_pkHvFHZRbhCuVSOtWxL8nxP-GFXfq6B8ulofw5mWOd9rYXRgZQCa3q0SnhvjbDKhjjGKCSBIhBDj1pr6Y3UMCpNqKKw0GOU7PUGe8JJhQ:1svdw7:4IWg1cQFdpR0yYe7it7oMkkMCY71d3oG1Q7hctt2en0",
        "expire_date": "2024-10-15T14:33:11.400Z"
    }
}, {
    "model": "sessions.session",
    "pk": "t31a0yev1srcb8dox67l68u1xmki8yuo",
    "fields": {
        "session_data": ".eJxVjLsOAiEURP-F2hDksaClvd9A7gNk1UCy7FbGf1eSLbScOWfmJSJsa4lbT0ucWZyFE4ffDoEeqQ7Ad6i3JqnVdZlRDkXutMtr4_S87O7fQYFevmtygYGPJ2TMyusRctAIOYD1Xk_ZGQjEk9WkM6E2wWVQBr2zQSEl8f4AF2848g:1tAagf:_IY0yEsBwV9xDgWYfTVxkgF9rbZ_wYbjZvQ4TUV_3Ck",
        "expire_date": "2024-11-25T20:07:01.599Z"
    }
}, {
    "model": "sessions.session",
    "pk": "t467p5iulmgrgemjhz1pdso46wlqd4kh",
    "fields": {
        "session_data": ".eJxVjLsOAiEURP-F2hDksaClvd9A7gNk1UCy7FbGf1eSLbScOWfmJSJsa4lbT0ucWZyFE4ffDoEeqQ7Ad6i3JqnVdZlRDkXutMtr4_S87O7fQYFevmtygYGPJ2TMyusRctAIOYD1Xk_ZGQjEk9WkM6E2wWVQBr2zQSEl8f4AF2848g:1tArI7:mSC9AH9HM5Jvn-4926ioEhv5s-lZTV6pJ_U0mqyxXoo",
        "expire_date": "2024-11-26T13:50:47.460Z"
    }
}, {
    "model": "sessions.session",
    "pk": "t474wbc9nxhql8sj0y66pt6wh2hjogx3",
    "fields": {
        "session_data": ".eJxVjLsOAiEURP-F2hDksaClvd9A7gNk1UCy7FbGf1eSLbScOWfmJSJsa4lbT0ucWZyFE4ffDoEeqQ7Ad6i3JqnVdZlRDkXutMtr4_S87O7fQYFevmtygYGPJ2TMyusRctAIOYD1Xk_ZGQjEk9WkM6E2wWVQBr2zQSEl8f4AF2848g:1tAqWY:Gu8jio0rYie5rInwphtNM73XN4F6cNOzWn374VBLMH8",
        "expire_date": "2024-11-26T13:01:38.117Z"
    }
}, {
    "model": "sessions.session",
    "pk": "t9objh1phjiyam2i14yjzyz67w178fbx",
    "fields": {
        "session_data": ".eJxVjDsOwjAQBe_iGlm2d_GHkp4zWGvvggMokeKkQtwdIqWA9s3Me6lM69Ly2mXOA6uTsl4dfsdC9SHjRvhO423SdRqXeSh6U_ROu75MLM_z7v4dNOrtWxv2iB5SKE5IsFjEwD5CimhN4CJGTDgCWOBEyE6qgwSRYgK4elfU-wPlNzcc:1tArAd:9jRRCSAnKZLtYoDGAgxIFAGza_5nD25B8wvqwgZ_dkI",
        "expire_date": "2024-11-26T13:43:03.400Z"
    }
}, {
    "model": "sessions.session",
    "pk": "taav1hrkywsvaqafcdqxnp9djwex5qmz",
    "fields": {
        "session_data": ".eJxVjDEOwyAQBP9CHSEMHNgp0_sN6I6D4CTCkrGrKH-PLblIim12ZvctAm5rCVtLS5hYXIUWl9-OMD5TPQA_sN5nGee6LhPJQ5EnbXKcOb1up_t3ULCVfQ2DgmjMHrC9Bs_kQA0QswWymm3vTeccOxWRPRnokBJ6lbPx1jhG8fkCtiM3QA:1sl7B9:BA5pX0ELRdQghS2O6aRgCkQ2Foc3JWYcWv-YBupGLEM",
        "expire_date": "2024-09-16T13:33:11.095Z"
    }
}, {
    "model": "sessions.session",
    "pk": "tbd1hqv3etpc8v2e12abq9p6oxzse6iu",
    "fields": {
        "session_data": ".eJxVjDEOwyAQBP9CHSEMHNgp0_sN6I6D4CTCkrGrKH-PLblIim12ZvctAm5rCVtLS5hYXIUWl9-OMD5TPQA_sN5nGee6LhPJQ5EnbXKcOb1up_t3ULCVfQ2DgmjMHrC9Bs_kQA0QswWymm3vTeccOxWRPRnokBJ6lbPx1jhG8fkCtiM3QA:1soLij:XwGjgaUvgPfnKOwe7Q1F_iyY5SiCU_a3SurZwQp8EB0",
        "expire_date": "2024-09-25T11:41:13.097Z"
    }
}, {
    "model": "sessions.session",
    "pk": "tbe16cr7e7h6lb4h0q69msgkk137ef81",
    "fields": {
        "session_data": ".eJxVjDEOwyAQBP9CHSEMHNgp0_sN6I6D4CTCkrGrKH-PLblIim12ZvctAm5rCVtLS5hYXIUWl9-OMD5TPQA_sN5nGee6LhPJQ5EnbXKcOb1up_t3ULCVfQ2DgmjMHrC9Bs_kQA0QswWymm3vTeccOxWRPRnokBJ6lbPx1jhG8fkCtiM3QA:1slmv3:JV4FHCUm_QhhiXkht_4vU7EuWjOpP2z-tvsXfji9QYU",
        "expire_date": "2024-09-18T10:07:21.425Z"
    }
}, {
    "model": "sessions.session",
    "pk": "tl4sv1bxo6g69u8vihudc9i5wkhj7soc",
    "fields": {
        "session_data": ".eJxVjLsOAiEURP-F2hDksaClvd9A7gNk1UCy7FbGf1eSLbScOWfmJSJsa4lbT0ucWZyFE4ffDoEeqQ7Ad6i3JqnVdZlRDkXutMtr4_S87O7fQYFevmtygYGPJ2TMyusRctAIOYD1Xk_ZGQjEk9WkM6E2wWVQBr2zQSEl8f4AF2848g:1tAogr:rH7de2sRuAhu-UpqoEcU002fC6Ye3tzoFEhCQKH2hvc",
        "expire_date": "2024-11-26T11:04:09.956Z"
    }
}, {
    "model": "sessions.session",
    "pk": "tsgm41ds4xcc43vspmam4ja1vjxb9lkv",
    "fields": {
        "session_data": ".eJxVjLsOAiEURP-F2hDksaClvd9A7gNk1UCy7FbGf1eSLbScOWfmJSJsa4lbT0ucWZyFE4ffDoEeqQ7Ad6i3JqnVdZlRDkXutMtr4_S87O7fQYFevmtygYGPJ2TMyusRctAIOYD1Xk_ZGQjEk9WkM6E2wWVQBr2zQSEl8f4AF2848g:1tAcNz:qs7YyRz5Y50UugjXZC_bIadqVL2B96vsQhhRuqrNn1I",
        "expire_date": "2024-11-25T21:55:51.915Z"
    }
}, {
    "model": "sessions.session",
    "pk": "ty5mif9p7gp0kas9vi03vg90woe1ckb7",
    "fields": {
        "session_data": ".eJxVjLsOAiEURP-F2hDksaClvd9A7gNk1UCy7FbGf1eSLbScOWfmJSJsa4lbT0ucWZyFE4ffDoEeqQ7Ad6i3JqnVdZlRDkXutMtr4_S87O7fQYFevmtygYGPJ2TMyusRctAIOYD1Xk_ZGQjEk9WkM6E2wWVQBr2zQSEl8f4AF2848g:1tAcvE:Yk6pFkM58HY6K7XMxAxpFxdwHHevvugAM-Hutckk1ks",
        "expire_date": "2024-11-25T22:30:12.060Z"
    }
}, {
    "model": "sessions.session",
    "pk": "u1drc5uyjob8qtne3im2jckuu9ozkzcf",
    "fields": {
        "session_data": ".eJxVjMsOwiAQAP-FsyErsC149O43kF0eUjWQlPZk_HdD0oNeZybzFp72rfi9p9UvUVyEEadfxhSeqQ4RH1TvTYZWt3VhORJ52C5vLabX9Wj_BoV6GVsGcGHSBnBii0ppY4khgiNH0c0u42w1AhJxNnTOlqPmAFkDBgAlPl_CrTda:1tAVa5:Qir2x3_ndh7ZQJPowIVDFSQJVkO0vpTeTFsak9L5QwA",
        "expire_date": "2024-11-25T14:39:53.000Z"
    }
}, {
    "model": "sessions.session",
    "pk": "u3rvlaxxvxd759ya6tbtd2ric12ju1jj",
    "fields": {
        "session_data": ".eJxVjDEOwyAQBP9CHSEMHNgp0_sN6I6D4CTCkrGrKH-PLblIim12ZvctAm5rCVtLS5hYXIUWl9-OMD5TPQA_sN5nGee6LhPJQ5EnbXKcOb1up_t3ULCVfQ2DgmjMHrC9Bs_kQA0QswWymm3vTeccOxWRPRnokBJ6lbPx1jhG8fkCtiM3QA:1sogfh:TDLb13iaqhlxUmHucqIc87aejuWbLbFySvyaCzAz-M4",
        "expire_date": "2024-09-26T10:03:29.333Z"
    }
}, {
    "model": "sessions.session",
    "pk": "u6pg66bigfo5xszn5gmsrdjgjiz4y48a",
    "fields": {
        "session_data": ".eJxljMsOwiAURP-FdUN6eQi4dO83EB63FkVI2uLG-O-2pjEx7iZzzsyTuBBqK4t94JSGhNHi3aVMjqXl3H1pm3EiR6JJR6xry_gpbIr_nXfhhmUD8erKpdJQyzIlTzeF7nSm5xoxn3b352B087iuQUHUfQShoxQetO8Dl2B84GsAZEE7xYxRSgnPNBo-CC9kHw6SowQG5PUGWYtIRw:1svCRT:Px9_OW7ea_H_rFn5y8vmKxKkbFaCVPezj7x71reHtoQ",
        "expire_date": "2024-10-14T09:11:43.682Z"
    }
}, {
    "model": "sessions.session",
    "pk": "u8ksa8kxcm8cprf137j2ypvzhwakz26m",
    "fields": {
        "session_data": ".eJxVjDEOwyAQBP9CHSEMHNgp0_sN6I6D4CTCkrGrKH-PLblIim12ZvctAm5rCVtLS5hYXIUWl9-OMD5TPQA_sN5nGee6LhPJQ5EnbXKcOb1up_t3ULCVfQ2DgmjMHrC9Bs_kQA0QswWymm3vTeccOxWRPRnokBJ6lbPx1jhG8fkCtiM3QA:1t1Oec:B1bst3t9blI_ldqL9TknMgS3KckB4Ul0J8ZDt1Or920",
        "expire_date": "2024-10-31T11:26:54.465Z"
    }
}, {
    "model": "sessions.session",
    "pk": "u8p8625b2mmnp9tcugveglve4ek10cyu",
    "fields": {
        "session_data": ".eJxVjLsOAiEURP-F2hDksaClvd9A7gNk1UCy7FbGf1eSLbScOWfmJSJsa4lbT0ucWZyFE4ffDoEeqQ7Ad6i3JqnVdZlRDkXutMtr4_S87O7fQYFevmtygYGPJ2TMyusRctAIOYD1Xk_ZGQjEk9WkM6E2wWVQBr2zQSEl8f4AF2848g:1tArK1:f5KxrrcLeY5GPc0gNLifj-U8av5B_To0Pb9Z3ZGfsMQ",
        "expire_date": "2024-11-26T13:52:45.602Z"
    }
}, {
    "model": "sessions.session",
    "pk": "uf2lsyg5y7sugc5ff8jbqumlp4jnlwjh",
    "fields": {
        "session_data": ".eJxVjMsOwiAQAP-FsyErsC149O43kF0eUjWQlPZk_HdD0oNeZybzFp72rfi9p9UvUVyEEadfxhSeqQ4RH1TvTYZWt3VhORJ52C5vLabX9Wj_BoV6GVsGcGHSBnBii0ppY4khgiNH0c0u42w1AhJxNnTOlqPmAFkDBgAlPl_CrTda:1t9Pa7:FYAB_xcJC0Sagwtw4e_6AcdUSNs54-X1hAChUeES0d4",
        "expire_date": "2024-11-22T14:03:23.937Z"
    }
}, {
    "model": "sessions.session",
    "pk": "ukx79m6trmmtuz3ept9d4t8pf007ixi6",
    "fields": {
        "session_data": ".eJxVjDEOwyAQBP9CHSEMHNgp0_sN6I6D4CTCkrGrKH-PLblIim12ZvctAm5rCVtLS5hYXIUWl9-OMD5TPQA_sN5nGee6LhPJQ5EnbXKcOb1up_t3ULCVfQ2DgmjMHrC9Bs_kQA0QswWymm3vTeccOxWRPRnokBJ6lbPx1jhG8fkCtiM3QA:1sogbF:Ek360ARPVki5ojTwLcNqWPYI2TIvmMiWL4JHyU5zEKk",
        "expire_date": "2024-09-26T09:58:53.483Z"
    }
}, {
    "model": "sessions.session",
    "pk": "um9xnvf4fnou7l45c96zjqc4n4b3xw0z",
    "fields": {
        "session_data": ".eJxVjDEOwyAQBP9CHSEMHNgp0_sN6I6D4CTCkrGrKH-PLblIim12ZvctAm5rCVtLS5hYXIUWl9-OMD5TPQA_sN5nGee6LhPJQ5EnbXKcOb1up_t3ULCVfQ2DgmjMHrC9Bs_kQA0QswWymm3vTeccOxWRPRnokBJ6lbPx1jhG8fkCtiM3QA:1sl8zT:62LVlv6Ko3tjyYSTBg9DOxH3Emv7qlsON_2zfaPG_WI",
        "expire_date": "2024-09-16T15:29:15.702Z"
    }
}, {
    "model": "sessions.session",
    "pk": "uq8nl4gzqzyzypxe8489wp644ao50l0i",
    "fields": {
        "session_data": ".eJxVjDEOwyAQBP9CHSEMHNgp0_sN6I6D4CTCkrGrKH-PLblIim12ZvctAm5rCVtLS5hYXIUWl9-OMD5TPQA_sN5nGee6LhPJQ5EnbXKcOb1up_t3ULCVfQ2DgmjMHrC9Bs_kQA0QswWymm3vTeccOxWRPRnokBJ6lbPx1jhG8fkCtiM3QA:1slaun:yPjEAcdqLtYRey3X0bMDrimZCx7xbTLpKe81n9M8ptI",
        "expire_date": "2024-09-17T21:18:17.736Z"
    }
}, {
    "model": "sessions.session",
    "pk": "utnusvo3jbpc4ad66t3yubhbl5afsx2a",
    "fields": {
        "session_data": ".eJxVjLsOAiEURP-F2hDksaClvd9A7gNk1UCy7FbGf1eSLbScOWfmJSJsa4lbT0ucWZyFE4ffDoEeqQ7Ad6i3JqnVdZlRDkXutMtr4_S87O7fQYFevmtygYGPJ2TMyusRctAIOYD1Xk_ZGQjEk9WkM6E2wWVQBr2zQSEl8f4AF2848g:1tAgR9:13dj_na7UMsSZZ0Pk3gZnQz7n8o_ma-mL4y8DJwN6sY",
        "expire_date": "2024-11-26T02:15:23.174Z"
    }
}, {
    "model": "sessions.session",
    "pk": "uv005gdp9pjvyu5spsh631czxq0o94hm",
    "fields": {
        "session_data": ".eJxVjMsOwiAQAP-FsyErsC149O43kF0eUjWQlPZk_HdD0oNeZybzFp72rfi9p9UvUVyEEadfxhSeqQ4RH1TvTYZWt3VhORJ52C5vLabX9Wj_BoV6GVsGcGHSBnBii0ppY4khgiNH0c0u42w1AhJxNnTOlqPmAFkDBgAlPl_CrTda:1t5Z9s:E2GA5rfGOLswoJQ8ttnL1dNzokjnhpLNHMnQV670EsU",
        "expire_date": "2024-11-11T23:28:24.211Z"
    }
}, {
    "model": "sessions.session",
    "pk": "uv4cz6ss494h5xi54btukck3jq95sly5",
    "fields": {
        "session_data": ".eJxVjDsOwjAQBe_iGlm2d_GHkp4zWGvvggMokeKkQtwdIqWA9s3Me6lM69Ly2mXOA6uTsl4dfsdC9SHjRvhO423SdRqXeSh6U_ROu75MLM_z7v4dNOrtWxv2iB5SKE5IsFjEwD5CimhN4CJGTDgCWOBEyE6qgwSRYgK4elfU-wPlNzcc:1tAqwN:W0OcWI8kHafXf77kc2yn_NA50QnFcuZdy2XUr5TJyIM",
        "expire_date": "2024-11-26T13:28:19.099Z"
    }
}, {
    "model": "sessions.session",
    "pk": "uvffnpdht7cm5phg49wa1qgpn4le7u7b",
    "fields": {
        "session_data": ".eJxVjLsOAiEURP-F2hDksaClvd9A7gNk1UCy7FbGf1eSLbScOWfmJSJsa4lbT0ucWZyFE4ffDoEeqQ7Ad6i3JqnVdZlRDkXutMtr4_S87O7fQYFevmtygYGPJ2TMyusRctAIOYD1Xk_ZGQjEk9WkM6E2wWVQBr2zQSEl8f4AF2848g:1tAgUo:VyQ_Ja5imxiu6A8DUqxKwujWx1hVr4yl1wPd6D7WexA",
        "expire_date": "2024-11-26T02:19:10.818Z"
    }
}, {
    "model": "sessions.session",
    "pk": "uviti5snwlv3nkgvnj0y8wsn4rrcji6q",
    "fields": {
        "session_data": ".eJxVjLsOAiEURP-F2hDksaClvd9A7gNk1UCy7FbGf1eSLbScOWfmJSJsa4lbT0ucWZyFE4ffDoEeqQ7Ad6i3JqnVdZlRDkXutMtr4_S87O7fQYFevmtygYGPJ2TMyusRctAIOYD1Xk_ZGQjEk9WkM6E2wWVQBr2zQSEl8f4AF2848g:1tAoHa:4-ydVUqc6XWQJSKQnTPHnPxYJmz6lvTpf8QC2B8Mknw",
        "expire_date": "2024-11-26T10:38:02.541Z"
    }
}, {
    "model": "sessions.session",
    "pk": "uxu8b7o0m9on24zoewpp1gqkobapc5r4",
    "fields": {
        "session_data": ".eJxVjLsOAiEURP-F2hDksaClvd9A7gNk1UCy7FbGf1eSLbScOWfmJSJsa4lbT0ucWZyFE4ffDoEeqQ7Ad6i3JqnVdZlRDkXutMtr4_S87O7fQYFevmtygYGPJ2TMyusRctAIOYD1Xk_ZGQjEk9WkM6E2wWVQBr2zQSEl8f4AF2848g:1tAcwA:Chqp9T6YxTYGuPa6_g_zPenEqWdX1dxqr5W8KFyUESI",
        "expire_date": "2024-11-25T22:31:10.666Z"
    }
}, {
    "model": "sessions.session",
    "pk": "v701f3hxkzzmgs2vp0k8oatzy4wxebbw",
    "fields": {
        "session_data": ".eJxVjMsOwiAQAP-FsyErsC149O43kF0eUjWQlPZk_HdD0oNeZybzFp72rfi9p9UvUVyEEadfxhSeqQ4RH1TvTYZWt3VhORJ52C5vLabX9Wj_BoV6GVsGcGHSBnBii0ppY4khgiNH0c0u42w1AhJxNnTOlqPmAFkDBgAlPl_CrTda:1t9Qfc:ldV2Lhah0TUbwwddQqcSScbKoNvKlq_z4bNDeqVBP1A",
        "expire_date": "2024-11-22T15:13:08.011Z"
    }
}, {
    "model": "sessions.session",
    "pk": "vhpb85pw6g8jen5lmlmpw3f53x0jlueg",
    "fields": {
        "session_data": ".eJxVjDEOwyAQBP9CHSEMHNgp0_sN6I6D4CTCkrGrKH-PLblIim12ZvctAm5rCVtLS5hYXIUWl9-OMD5TPQA_sN5nGee6LhPJQ5EnbXKcOb1up_t3ULCVfQ2DgmjMHrC9Bs_kQA0QswWymm3vTeccOxWRPRnokBJ6lbPx1jhG8fkCtiM3QA:1smIrq:aMDearLiXZqCb_oJONS9viHqYlOZjnJZusFUKxXujK4",
        "expire_date": "2024-09-19T20:14:10.442Z"
    }
}, {
    "model": "sessions.session",
    "pk": "vl1q3o1w9mb1up03xqnt4j8a3tn2cre5",
    "fields": {
        "session_data": ".eJxVjDEOwyAQBP9CHSEMHNgp0_sN6I6D4CTCkrGrKH-PLblIim12ZvctAm5rCVtLS5hYXIUWl9-OMD5TPQA_sN5nGee6LhPJQ5EnbXKcOb1up_t3ULCVfQ2DgmjMHrC9Bs_kQA0QswWymm3vTeccOxWRPRnokBJ6lbPx1jhG8fkCtiM3QA:1sl9V9:aoc6IuuV3KwnxgbRK3lvWEC-9L89Afa37918ll0WKFM",
        "expire_date": "2024-09-16T16:01:59.222Z"
    }
}, {
    "model": "sessions.session",
    "pk": "vmxm9qhrbmlnpu27s9rqvf481ktem7cp",
    "fields": {
        "session_data": ".eJxVjMsOwiAQAP-FsyErsC149O43kF0eUjWQlPZk_HdD0oNeZybzFp72rfi9p9UvUVyEEadfxhSeqQ4RH1TvTYZWt3VhORJ52C5vLabX9Wj_BoV6GVsGcGHSBnBii0ppY4khgiNH0c0u42w1AhJxNnTOlqPmAFkDBgAlPl_CrTda:1tAa61:uwiLwzvxJ9rKPjrYZwtFBv4diTpgaa9ciRij0JlnbJ4",
        "expire_date": "2024-11-25T19:29:09.604Z"
    }
}, {
    "model": "sessions.session",
    "pk": "vn5iz9tqvsmjzmlzgtrpx21f61xmp69u",
    "fields": {
        "session_data": ".eJxVjLsOAiEURP-F2hDksaClvd9A7gNk1UCy7FbGf1eSLbScOWfmJSJsa4lbT0ucWZyFE4ffDoEeqQ7Ad6i3JqnVdZlRDkXutMtr4_S87O7fQYFevmtygYGPJ2TMyusRctAIOYD1Xk_ZGQjEk9WkM6E2wWVQBr2zQSEl8f4AF2848g:1tApbB:JVp_ugcWTEGkIrdBzIaqrkecqv8ptCFD-oC72yKvThQ",
        "expire_date": "2024-11-26T12:02:21.006Z"
    }
}, {
    "model": "sessions.session",
    "pk": "vp08ovgm1z9t0e9kpfb6pcz5m0lpbotn",
    "fields": {
        "session_data": ".eJxVjDsOwyAQBe9CHSH-mJTpfQa0C0twEmHJ2FWUu0dILpL2zcx7swjHXuPRaYtLZlem2OV3Q0hPagPkB7T7ytPa9m1BPhR-0s7nNdPrdrp_BxV6HXVAIb3xUjkNCEZrdBaLd9rIHKwWhCQ8GuXApUKThTCJ4IogSbZ4YJ8vzPs3oQ:1tAJuy:UqplXLzdg7W28BRGC3pgZ-4DRy6Dk1t5p9qf6nNTgkI",
        "expire_date": "2024-11-25T02:12:40.633Z"
    }
}, {
    "model": "sessions.session",
    "pk": "vp3unjsr64m4g2ryk2pr0uhttgbeyrxy",
    "fields": {
        "session_data": ".eJxVjDEOwyAQBP9CHSEMHNgp0_sN6I6D4CTCkrGrKH-PLblIim12ZvctAm5rCVtLS5hYXIUWl9-OMD5TPQA_sN5nGee6LhPJQ5EnbXKcOb1up_t3ULCVfQ2DgmjMHrC9Bs_kQA0QswWymm3vTeccOxWRPRnokBJ6lbPx1jhG8fkCtiM3QA:1so8Ne:YqBIkjmj7a2J1sT1-saCF4k2e6sHCK7KhdsWf1BPcOE",
        "expire_date": "2024-09-24T21:26:34.620Z"
    }
}, {
    "model": "sessions.session",
    "pk": "vyi9dk5ldn6n338pat7r8gt6ttt8k0tu",
    "fields": {
        "session_data": ".eJxVjMsOwiAQAP-FsyErsC149O43kF0eUjWQlPZk_HdD0oNeZybzFp72rfi9p9UvUVyEEadfxhSeqQ4RH1TvTYZWt3VhORJ52C5vLabX9Wj_BoV6GVsGcGHSBnBii0ppY4khgiNH0c0u42w1AhJxNnTOlqPmAFkDBgAlPl_CrTda:1t2yih:KPcgiZs2LKYuoBil7ACGYdaTZtGneK6Vh6bYJEv4Uo0",
        "expire_date": "2024-11-04T20:09:39.826Z"
    }
}, {
    "model": "sessions.session",
    "pk": "vyj37xbdo0b55agxczttqqjoix5zi9od",
    "fields": {
        "session_data": ".eJxVjLsOAiEURP-F2hDksaClvd9A7gNk1UCy7FbGf1eSLbScOWfmJSJsa4lbT0ucWZyFE4ffDoEeqQ7Ad6i3JqnVdZlRDkXutMtr4_S87O7fQYFevmtygYGPJ2TMyusRctAIOYD1Xk_ZGQjEk9WkM6E2wWVQBr2zQSEl8f4AF2848g:1tAcU9:IH3p6yhetu4tGSRzpy5Ai0oOVr7W3a6Em9TP-PQ9uBs",
        "expire_date": "2024-11-25T22:02:13.742Z"
    }
}, {
    "model": "sessions.session",
    "pk": "w0jl6t4x8ror0xj2bc3e8bpi05jhfes9",
    "fields": {
        "session_data": ".eJxVjDEOwyAQBP9CHSEMHNgp0_sN6I6D4CTCkrGrKH-PLblIim12ZvctAm5rCVtLS5hYXIUWl9-OMD5TPQA_sN5nGee6LhPJQ5EnbXKcOb1up_t3ULCVfQ2DgmjMHrC9Bs_kQA0QswWymm3vTeccOxWRPRnokBJ6lbPx1jhG8fkCtiM3QA:1sl65V:BsJOlCKBvIPuzuKemnIEBYpPknuKx28wFQlQPUiaJFo",
        "expire_date": "2024-09-16T12:23:17.636Z"
    }
}, {
    "model": "sessions.session",
    "pk": "w0pkvy5l9nv21j6228as029rm327mibr",
    "fields": {
        "session_data": ".eJxVjDEOwyAQBP9CHSEMHNgp0_sN6I6D4CTCkrGrKH-PLblIim12ZvctAm5rCVtLS5hYXIUWl9-OMD5TPQA_sN5nGee6LhPJQ5EnbXKcOb1up_t3ULCVfQ2DgmjMHrC9Bs_kQA0QswWymm3vTeccOxWRPRnokBJ6lbPx1jhG8fkCtiM3QA:1so0Gm:lTy1eVGjUnzCochAzp4nWoMegXcnYkAYzpgMgRBKA9U",
        "expire_date": "2024-09-24T12:46:56.795Z"
    }
}, {
    "model": "sessions.session",
    "pk": "w3qgs4mmmtb759dv99gbnhxq3icgqfhb",
    "fields": {
        "session_data": ".eJxVjDEOwyAQBP9CHSEMHNgp0_sN6I6D4CTCkrGrKH-PLblIim12ZvctAm5rCVtLS5hYXIUWl9-OMD5TPQA_sN5nGee6LhPJQ5EnbXKcOb1up_t3ULCVfQ2DgmjMHrC9Bs_kQA0QswWymm3vTeccOxWRPRnokBJ6lbPx1jhG8fkCtiM3QA:1sl8WX:RPeiFwk5ObcOfoHhqrmjzn0FoUrozGqgpuVx5pfvK_8",
        "expire_date": "2024-09-16T14:59:21.497Z"
    }
}, {
    "model": "sessions.session",
    "pk": "w7s441rcazoeivsp52juib96xeazvjv4",
    "fields": {
        "session_data": ".eJxVjLsOAiEURP-F2hDksaClvd9A7gNk1UCy7FbGf1eSLbScOWfmJSJsa4lbT0ucWZyFE4ffDoEeqQ7Ad6i3JqnVdZlRDkXutMtr4_S87O7fQYFevmtygYGPJ2TMyusRctAIOYD1Xk_ZGQjEk9WkM6E2wWVQBr2zQSEl8f4AF2848g:1tAeEC:0a4BA0FgBF1SRqvY1BtbuLO-GILlwPca0O_vAJUX-Lw",
        "expire_date": "2024-11-25T23:53:52.222Z"
    }
}, {
    "model": "sessions.session",
    "pk": "w8s5wdz2fijmkiwjlj8ix29gr6pwxv8c",
    "fields": {
        "session_data": ".eJxVjDEOwyAQBP9CHSEMHNgp0_sN6I6D4CTCkrGrKH-PLblIim12ZvctAm5rCVtLS5hYXIUWl9-OMD5TPQA_sN5nGee6LhPJQ5EnbXKcOb1up_t3ULCVfQ2DgmjMHrC9Bs_kQA0QswWymm3vTeccOxWRPRnokBJ6lbPx1jhG8fkCtiM3QA:1slnxa:1qnyJCUhW40gCXCkjWJbxf9EXV8-nMvl5iuPBrdGGxs",
        "expire_date": "2024-09-18T11:14:02.396Z"
    }
}, {
    "model": "sessions.session",
    "pk": "wkdiz0xyu9kump5mqec5uk4aohf156rv",
    "fields": {
        "session_data": ".eJxVjDEOwyAQBP9CHSEMHNgp0_sN6I6D4CTCkrGrKH-PLblIim12ZvctAm5rCVtLS5hYXIUWl9-OMD5TPQA_sN5nGee6LhPJQ5EnbXKcOb1up_t3ULCVfQ2DgmjMHrC9Bs_kQA0QswWymm3vTeccOxWRPRnokBJ6lbPx1jhG8fkCtiM3QA:1tAqrh:9u6nPYngGtGasN10mHmVRKIzTl_u-124Y-S935A-lZs",
        "expire_date": "2024-11-26T13:23:29.542Z"
    }
}, {
    "model": "sessions.session",
    "pk": "wsq4ahvu7p28zfrgzbmwv6fbf64jckbo",
    "fields": {
        "session_data": ".eJxVjDEOwyAQBP9CHSEMHNgp0_sN6I6D4CTCkrGrKH-PLblIim12ZvctAm5rCVtLS5hYXIUWl9-OMD5TPQA_sN5nGee6LhPJQ5EnbXKcOb1up_t3ULCVfQ2DgmjMHrC9Bs_kQA0QswWymm3vTeccOxWRPRnokBJ6lbPx1jhG8fkCtiM3QA:1t1Od1:L3PkbffmU3-oteWgIiVuHhKxflqQOVIwbpiBo3AhQGA",
        "expire_date": "2024-10-31T11:25:15.245Z"
    }
}, {
    "model": "sessions.session",
    "pk": "wx3x86siqlzn7tkt3gkrvx7br8z74vcj",
    "fields": {
        "session_data": ".eJxVjDsOwyAQBe9CHSH-mJTpfQa0C0twEmHJ2FWUu0dILpL2zcx7swjHXuPRaYtLZlem2OV3Q0hPagPkB7T7ytPa9m1BPhR-0s7nNdPrdrp_BxV6HXVAIb3xUjkNCEZrdBaLd9rIHKwWhCQ8GuXApUKThTCJ4IogSbZ4YJ8vzPs3oQ:1t5Yyt:OgDBej-3oC2o7b4OQX9lfsQB0UexayDNUoyDntTgJEc",
        "expire_date": "2024-11-11T23:17:03.148Z"
    }
}, {
    "model": "sessions.session",
    "pk": "x3p79x0s5l2chvcjcjb7efmo3pk5az3y",
    "fields": {
        "session_data": ".eJxVjMsOwiAQAP-FsyErsC149O43kF0eUjWQlPZk_HdD0oNeZybzFp72rfi9p9UvUVyEEadfxhSeqQ4RH1TvTYZWt3VhORJ52C5vLabX9Wj_BoV6GVsGcGHSBnBii0ppY4khgiNH0c0u42w1AhJxNnTOlqPmAFkDBgAlPl_CrTda:1tAVa5:Qir2x3_ndh7ZQJPowIVDFSQJVkO0vpTeTFsak9L5QwA",
        "expire_date": "2024-11-25T14:39:53.000Z"
    }
}, {
    "model": "sessions.session",
    "pk": "x3tbh4qzkkl16kk4u3tmzsblxiylhaqa",
    "fields": {
        "session_data": ".eJxVjDsOwyAQBe9CHSH-mJTpfQa0C0twEmHJ2FWUu0dILpL2zcx7swjHXuPRaYtLZlem2OV3Q0hPagPkB7T7ytPa9m1BPhR-0s7nNdPrdrp_BxV6HXVAIb3xUjkNCEZrdBaLd9rIHKwWhCQ8GuXApUKThTCJ4IogSbZ4YJ8vzPs3oQ:1tAKyS:DveliYCd_gXYtTKIz61BnfYkbAigDPxsIgVfO6ZfJSw",
        "expire_date": "2024-11-25T03:20:20.291Z"
    }
}, {
    "model": "sessions.session",
    "pk": "xho83j1q8l8k95aikatp0gcdbufrjdji",
    "fields": {
        "session_data": ".eJxVjDsOwyAQBe9CHSH-mJTpfQa0C0twEmHJ2FWUu0dILpL2zcx7swjHXuPRaYtLZlem2OV3Q0hPagPkB7T7ytPa9m1BPhR-0s7nNdPrdrp_BxV6HXVAIb3xUjkNCEZrdBaLd9rIHKwWhCQ8GuXApUKThTCJ4IogSbZ4YJ8vzPs3oQ:1tAu5y:xtG3FikqBI-7sbz700OwtTUBFWDEodV0UItkOZusmIA",
        "expire_date": "2024-11-26T16:50:26.247Z"
    }
}, {
    "model": "sessions.session",
    "pk": "xjw4sh6zas4oxff2aw6timumf5p4j0t3",
    "fields": {
        "session_data": ".eJxVjDsOwyAQBe9CHSH-mJTpfQa0C0twEmHJ2FWUu0dILpL2zcx7swjHXuPRaYtLZlem2OV3Q0hPagPkB7T7ytPa9m1BPhR-0s7nNdPrdrp_BxV6HXVAIb3xUjkNCEZrdBaLd9rIHKwWhCQ8GuXApUKThTCJ4IogSbZ4YJ8vzPs3oQ:1tAIkj:P03O6hEQ66yYhvsnGIVxrB4P6p3W5gRCWEwv97lVjeg",
        "expire_date": "2024-11-25T00:58:01.387Z"
    }
}, {
    "model": "sessions.session",
    "pk": "xouyir2mejxfsohpxkotl06ynvjlofsa",
    "fields": {
        "session_data": ".eJxVjLsOAiEURP-F2hDksaClvd9A7gNk1UCy7FbGf1eSLbScOWfmJSJsa4lbT0ucWZyFE4ffDoEeqQ7Ad6i3JqnVdZlRDkXutMtr4_S87O7fQYFevmtygYGPJ2TMyusRctAIOYD1Xk_ZGQjEk9WkM6E2wWVQBr2zQSEl8f4AF2848g:1tAaXD:PXN7XIfbf8-m54WCGQU4_CTpsnmJXecavMjWrRagcK4",
        "expire_date": "2024-11-25T19:57:15.349Z"
    }
}, {
    "model": "sessions.session",
    "pk": "xpailhstievb3eaxtoar5keu5asb1rzi",
    "fields": {
        "session_data": ".eJxVjLsOAiEURP-F2hDksaClvd9A7gNk1UCy7FbGf1eSLbScOWfmJSJsa4lbT0ucWZyFE4ffDoEeqQ7Ad6i3JqnVdZlRDkXutMtr4_S87O7fQYFevmtygYGPJ2TMyusRctAIOYD1Xk_ZGQjEk9WkM6E2wWVQBr2zQSEl8f4AF2848g:1tAcpb:s9N9XwSthPMsqK3P_BISpfReeE2ts8WyOqtel0k4zSY",
        "expire_date": "2024-11-25T22:24:23.497Z"
    }
}, {
    "model": "sessions.session",
    "pk": "xyebk2q9qg3fndycqe3y83bonws3oa0z",
    "fields": {
        "session_data": ".eJxVjLsOAiEURP-F2hDksaClvd9A7gNk1UCy7FbGf1eSLbScOWfmJSJsa4lbT0ucWZyFE4ffDoEeqQ7Ad6i3JqnVdZlRDkXutMtr4_S87O7fQYFevmtygYGPJ2TMyusRctAIOYD1Xk_ZGQjEk9WkM6E2wWVQBr2zQSEl8f4AF2848g:1tApbs:TEECGYA3quAy8RLHiTAxeJyteRXL7T3M7xp6P7_il3c",
        "expire_date": "2024-11-26T12:03:04.471Z"
    }
}, {
    "model": "sessions.session",
    "pk": "y1ow7g6f0rqv4me2k4ncqrwe8wl5szn4",
    "fields": {
        "session_data": ".eJxVjLsOAiEURP-F2hDksaClvd9A7gNk1UCy7FbGf1eSLbScOWfmJSJsa4lbT0ucWZyFE4ffDoEeqQ7Ad6i3JqnVdZlRDkXutMtr4_S87O7fQYFevmtygYGPJ2TMyusRctAIOYD1Xk_ZGQjEk9WkM6E2wWVQBr2zQSEl8f4AF2848g:1tBDHn:zIMrvCgUc0tnbDSN4wfFUnbSfhJABjUdB_MRnIsgKO0",
        "expire_date": "2024-11-27T13:19:55.667Z"
    }
}, {
    "model": "sessions.session",
    "pk": "y4tr8xb7fmwj9av1yzhnk1h6yapw58o4",
    "fields": {
        "session_data": ".eJxVjDEOwyAQBP9CHSEMHNgp0_sN6I6D4CTCkrGrKH-PLblIim12ZvctAm5rCVtLS5hYXIUWl9-OMD5TPQA_sN5nGee6LhPJQ5EnbXKcOb1up_t3ULCVfQ2DgmjMHrC9Bs_kQA0QswWymm3vTeccOxWRPRnokBJ6lbPx1jhG8fkCtiM3QA:1t9mcP:e9r74m_pmlLLs5Yt-kTepbP1K0uMbl1BfWsyChUcRxU",
        "expire_date": "2024-11-23T14:39:17.758Z"
    }
}, {
    "model": "sessions.session",
    "pk": "y9jib7u6ifky1idv5hovmrjl7b1wzxj7",
    "fields": {
        "session_data": ".eJxVjDEOwyAQBP9CHSEMHNgp0_sN6I6D4CTCkrGrKH-PLblIim12ZvctAm5rCVtLS5hYXIUWl9-OMD5TPQA_sN5nGee6LhPJQ5EnbXKcOb1up_t3ULCVfQ2DgmjMHrC9Bs_kQA0QswWymm3vTeccOxWRPRnokBJ6lbPx1jhG8fkCtiM3QA:1so6B0:sar8nj-UwzHB4xzYW0ixX_i2XN4qCbI_gxo-RFHZFEE",
        "expire_date": "2024-09-24T19:05:22.219Z"
    }
}, {
    "model": "sessions.session",
    "pk": "ycf3gjeov3sgu780vfl7tqm183dkadid",
    "fields": {
        "session_data": ".eJxVjDEOwyAQBP9CHSEMHNgp0_sN6I6D4CTCkrGrKH-PLblIim12ZvctAm5rCVtLS5hYXIUWl9-OMD5TPQA_sN5nGee6LhPJQ5EnbXKcOb1up_t3ULCVfQ2DgmjMHrC9Bs_kQA0QswWymm3vTeccOxWRPRnokBJ6lbPx1jhG8fkCtiM3QA:1sodhg:rPcosWhlDc1RjzbDO36owsEu3qHTSCVYuZusZZzIrQI",
        "expire_date": "2024-09-26T06:53:20.025Z"
    }
}, {
    "model": "sessions.session",
    "pk": "ydnrz6rqa2gv6i056lkgp9m8pmx16vp3",
    "fields": {
        "session_data": ".eJxVjLsOAiEURP-F2hDksaClvd9A7gNk1UCy7FbGf1eSLbScOWfmJSJsa4lbT0ucWZyFE4ffDoEeqQ7Ad6i3JqnVdZlRDkXutMtr4_S87O7fQYFevmtygYGPJ2TMyusRctAIOYD1Xk_ZGQjEk9WkM6E2wWVQBr2zQSEl8f4AF2848g:1tAdiw:A6ifNbKjt51_RaQvzwEw78ENt5dZUEe0ddQDzKmJR0Y",
        "expire_date": "2024-11-25T23:21:34.249Z"
    }
}, {
    "model": "sessions.session",
    "pk": "yemol70g2pzkrf0labp2uezcfb407zpj",
    "fields": {
        "session_data": ".eJxVjDEOwyAQBP9CHSEMHNgp0_sN6I6D4CTCkrGrKH-PLblIim12ZvctAm5rCVtLS5hYXIUWl9-OMD5TPQA_sN5nGee6LhPJQ5EnbXKcOb1up_t3ULCVfQ2DgmjMHrC9Bs_kQA0QswWymm3vTeccOxWRPRnokBJ6lbPx1jhG8fkCtiM3QA:1slxt9:gwusPNRADizU4XuQED4_RdVqUuk0MyYkBo0qbzGzI7g",
        "expire_date": "2024-09-18T21:50:07.706Z"
    }
}, {
    "model": "sessions.session",
    "pk": "yfo07gnjt1outnqdea17ds1hr1yrqdpj",
    "fields": {
        "session_data": ".eJxVjDEOwyAQBP9CHSEMHNgp0_sN6I6D4CTCkrGrKH-PLblIim12ZvctAm5rCVtLS5hYXIUWl9-OMD5TPQA_sN5nGee6LhPJQ5EnbXKcOb1up_t3ULCVfQ2DgmjMHrC9Bs_kQA0QswWymm3vTeccOxWRPRnokBJ6lbPx1jhG8fkCtiM3QA:1slDMX:rNnqUN1bqLXL8tH4D1-diOygayYFF8u635smILIWnj8",
        "expire_date": "2024-09-16T20:09:21.410Z"
    }
}, {
    "model": "sessions.session",
    "pk": "yfs6ewaveyg3xb5n45tw37h8b2z6tbqq",
    "fields": {
        "session_data": ".eJxVjLsOAiEURP-F2hDksaClvd9A7gNk1UCy7FbGf1eSLbScOWfmJSJsa4lbT0ucWZyFE4ffDoEeqQ7Ad6i3JqnVdZlRDkXutMtr4_S87O7fQYFevmtygYGPJ2TMyusRctAIOYD1Xk_ZGQjEk9WkM6E2wWVQBr2zQSEl8f4AF2848g:1tApb8:Gu43NGeOWUWydC2i-41UjtGuQUxY9zwzt62waoeYUDU",
        "expire_date": "2024-11-26T12:02:18.221Z"
    }
}, {
    "model": "sessions.session",
    "pk": "ygfijeab6d94lcnnond1ejzffi9mie22",
    "fields": {
        "session_data": ".eJxVjMsOwiAQAP-FsyErsC149O43kF0eUjWQlPZk_HdD0oNeZybzFp72rfi9p9UvUVyEEadfxhSeqQ4RH1TvTYZWt3VhORJ52C5vLabX9Wj_BoV6GVsGcGHSBnBii0ppY4khgiNH0c0u42w1AhJxNnTOlqPmAFkDBgAlPl_CrTda:1so7jR:mffR9L-uLMM51BLLS5ChwWNC0brC3ksAoEydnn5Vol0",
        "expire_date": "2024-09-24T20:45:01.416Z"
    }
}, {
    "model": "sessions.session",
    "pk": "yo7ip8xt4v2prod28j0jvjf8xlbl1ots",
    "fields": {
        "session_data": ".eJxVjLsOAiEURP-F2hDksaClvd9A7gNk1UCy7FbGf1eSLbScOWfmJSJsa4lbT0ucWZyFE4ffDoEeqQ7Ad6i3JqnVdZlRDkXutMtr4_S87O7fQYFevmtygYGPJ2TMyusRctAIOYD1Xk_ZGQjEk9WkM6E2wWVQBr2zQSEl8f4AF2848g:1tApbG:VbT7tdAtcfl4NVv7bfLIZzXaHHvBcD5tMnEz5fzowbc",
        "expire_date": "2024-11-26T12:02:26.687Z"
    }
}, {
    "model": "sessions.session",
    "pk": "ypy70eshoxx7z2243g66ivzckj1efsl9",
    "fields": {
        "session_data": ".eJxVjLsOAiEURP-F2hDksaClvd9A7gNk1UCy7FbGf1eSLbScOWfmJSJsa4lbT0ucWZyFE4ffDoEeqQ7Ad6i3JqnVdZlRDkXutMtr4_S87O7fQYFevmtygYGPJ2TMyusRctAIOYD1Xk_ZGQjEk9WkM6E2wWVQBr2zQSEl8f4AF2848g:1tAc5O:_PTrRsvyT05t_iEj0TopATJiopyeKW5R6RGd52DbyK8",
        "expire_date": "2024-11-25T21:36:38.528Z"
    }
}, {
    "model": "sessions.session",
    "pk": "ytgoxpnp9y93mltomfjzv6ak9y1aw0l6",
    "fields": {
        "session_data": ".eJxVjDEOwyAQBP9CHSEMHNgp0_sN6I6D4CTCkrGrKH-PLblIim12ZvctAm5rCVtLS5hYXIUWl9-OMD5TPQA_sN5nGee6LhPJQ5EnbXKcOb1up_t3ULCVfQ2DgmjMHrC9Bs_kQA0QswWymm3vTeccOxWRPRnokBJ6lbPx1jhG8fkCtiM3QA:1smWv1:qFaWO5b_MPWKjucEfSb_hHMI8aTL_M9ZYvbcr2uD3AM",
        "expire_date": "2024-09-20T11:14:23.598Z"
    }
}, {
    "model": "sessions.session",
    "pk": "yy3h5h705hxuimxfikrux3l7zwaz2o3y",
    "fields": {
        "session_data": ".eJxVjLsOAiEURP-F2hDksaClvd9A7gNk1UCy7FbGf1eSLbScOWfmJSJsa4lbT0ucWZyFE4ffDoEeqQ7Ad6i3JqnVdZlRDkXutMtr4_S87O7fQYFevmtygYGPJ2TMyusRctAIOYD1Xk_ZGQjEk9WkM6E2wWVQBr2zQSEl8f4AF2848g:1tAoHa:4-ydVUqc6XWQJSKQnTPHnPxYJmz6lvTpf8QC2B8Mknw",
        "expire_date": "2024-11-26T10:38:02.087Z"
    }
}, {
    "model": "sessions.session",
    "pk": "yy5dohkk3j3gfjojg7oenw0dgh82kubk",
    "fields": {
        "session_data": ".eJxVjLsOAiEURP-F2hDksaClvd9A7gNk1UCy7FbGf1eSLbScOWfmJSJsa4lbT0ucWZyFE4ffDoEeqQ7Ad6i3JqnVdZlRDkXutMtr4_S87O7fQYFevmtygYGPJ2TMyusRctAIOYD1Xk_ZGQjEk9WkM6E2wWVQBr2zQSEl8f4AF2848g:1tApDm:G3zCRWRpaCbWw5271B4BLfFc7hYzhGHrLVzCPygy_Gc",
        "expire_date": "2024-11-26T11:38:10.006Z"
    }
}, {
    "model": "sessions.session",
    "pk": "z000ulgrthtnquunip1wuo4lxge4d7yv",
    "fields": {
        "session_data": ".eJxVjMsOwiAQRf-FtSEt8hhcuu83EJgZpGogKe3K-O_apAvd3nPOfYkQt7WErfMSZhIXocXpd0sRH1x3QPdYb01iq-syJ7kr8qBdTo34eT3cv4MSe_nWHlXWgM5mIDIJxowc8-A9oD4n45Rm8nYwnh1ysiMqTp4BrCMFOrJ4fwAA1ziV:1sla55:PGHiq-8js3z9DP5Ns_ZAxSihFo6z6HWMS-ucVCeS9cc",
        "expire_date": "2024-09-17T20:24:51.437Z"
    }
}, {
    "model": "sessions.session",
    "pk": "z1qg9gxyf7hei4nc2g7k3ssz7a1wc3jt",
    "fields": {
        "session_data": "e30:1t9i7t:q_pFOt0D_2IE2iwxjDgFn_sMg2lRTlI2cAy2NuLqMZA",
        "expire_date": "2024-11-23T09:51:29.138Z"
    }
}, {
    "model": "sessions.session",
    "pk": "z28sv62x7qirlg0jk2i5df5zsw9dcqof",
    "fields": {
        "session_data": ".eJxVjLsOAiEURP-F2hDksaClvd9A7gNk1UCy7FbGf1eSLbScOWfmJSJsa4lbT0ucWZyFE4ffDoEeqQ7Ad6i3JqnVdZlRDkXutMtr4_S87O7fQYFevmtygYGPJ2TMyusRctAIOYD1Xk_ZGQjEk9WkM6E2wWVQBr2zQSEl8f4AF2848g:1tAdjj:hBh_mR-9R47xMgzuBCAceMo6gu6ge6ml9Dvh3Jd6qVo",
        "expire_date": "2024-11-25T23:22:23.826Z"
    }
}, {
    "model": "sessions.session",
    "pk": "z86en2p8rnw8w377grwi5tq290dnhmxw",
    "fields": {
        "session_data": ".eJxVjMsOwiAQRf-FtSHA8HTp3m8gAwNSNTQp7cr479qkC93ec859sYjb2uI2yhInYmfm2Ol3S5gfpe-A7thvM89zX5cp8V3hBx38OlN5Xg7376DhaN9amICQqMrkRfGZFChLUIxU2rhatUwKNRCFAORFzTY5RFMpe7AVnGfvD-4rODw:1sv9WQ:onJLU5DPtxocvkGk10y-gJH7vfvc-Q8odXrFGwFaq-Q",
        "expire_date": "2024-10-14T06:04:38.149Z"
    }
}, {
    "model": "sessions.session",
    "pk": "z95n87fwngmh7a914898mrw2ubyloat4",
    "fields": {
        "session_data": ".eJxVjLsOAiEURP-F2hDksaClvd9A7gNk1UCy7FbGf1eSLbScOWfmJSJsa4lbT0ucWZyFE4ffDoEeqQ7Ad6i3JqnVdZlRDkXutMtr4_S87O7fQYFevmtygYGPJ2TMyusRctAIOYD1Xk_ZGQjEk9WkM6E2wWVQBr2zQSEl8f4AF2848g:1tAaX0:l_eGvcykVrckCSxSL6WY4hla4OcdcKXcRmj1REmiYXU",
        "expire_date": "2024-11-25T19:57:02.819Z"
    }
}, {
    "model": "sessions.session",
    "pk": "z9dluny39x1tqbnre4z385l11q76xb8e",
    "fields": {
        "session_data": ".eJxVjMsOwiAQAP-FsyErsC149O43kF0eUjWQlPZk_HdD0oNeZybzFp72rfi9p9UvUVyEEadfxhSeqQ4RH1TvTYZWt3VhORJ52C5vLabX9Wj_BoV6GVsGcGHSBnBii0ppY4khgiNH0c0u42w1AhJxNnTOlqPmAFkDBgAlPl_CrTda:1tAYRU:CYRN2wFhOmIZb8rWc2g6z27JIlQXJ4cg3-QeFZzWnmQ",
        "expire_date": "2024-11-25T17:43:12.498Z"
    }
}, {
    "model": "sessions.session",
    "pk": "zcrtc5egoiqa5dqf6hh7bnvxteoijh4r",
    "fields": {
        "session_data": ".eJxVjDEOwyAQBP9CHSEMHNgp0_sN6I6D4CTCkrGrKH-PLblIim12ZvctAm5rCVtLS5hYXIUWl9-OMD5TPQA_sN5nGee6LhPJQ5EnbXKcOb1up_t3ULCVfQ2DgmjMHrC9Bs_kQA0QswWymm3vTeccOxWRPRnokBJ6lbPx1jhG8fkCtiM3QA:1so5uG:rKcRLTgo2RnwW5-36qvpQyGH5058A3N6gPzJlcNyU8s",
        "expire_date": "2024-09-24T18:48:04.919Z"
    }
}, {
    "model": "sessions.session",
    "pk": "zetm0t1t73xm79sw7prm4mbu25rj0s6g",
    "fields": {
        "session_data": ".eJxVjEEOwiAQRe_C2pAyMLS4dN8zkIEZpWpoUtqV8e7apAvd_vfef6lI21ri1mSJE6uzsur0uyXKD6k74DvV26zzXNdlSnpX9EGbHmeW5-Vw_w4KtfKtIXg2PgzZEiQQFIMerz37xI4ZYDAuG-EO0SWL4MT5bDuLfcZgPSX1_gDR8Tc_:1skrdD:ZotVw1L98YLEbLULlifWh0oMxeENT65uy7WbkaE59i8",
        "expire_date": "2024-09-15T20:57:07.749Z"
    }
}, {
    "model": "sessions.session",
    "pk": "zgxe6j4eev72z3k26n0l5o0c6wmf4z9t",
    "fields": {
        "session_data": ".eJxVjDEOwyAQBP9CHSEMHNgp0_sN6I6D4CTCkrGrKH-PLblIim12ZvctAm5rCVtLS5hYXIUWl9-OMD5TPQA_sN5nGee6LhPJQ5EnbXKcOb1up_t3ULCVfQ2DgmjMHrC9Bs_kQA0QswWymm3vTeccOxWRPRnokBJ6lbPx1jhG8fkCtiM3QA:1sof0s:ieX8Ctcn8LoPcPwPaZrWpxXTpN1AnOTvTYBSRxrxhoA",
        "expire_date": "2024-09-26T08:17:14.070Z"
    }
}, {
    "model": "sessions.session",
    "pk": "zlt8dszt3vfkugqtuzr7nesrtxs1n46v",
    "fields": {
        "session_data": ".eJxVjMsOwiAQAP-FsyErsC149O43kF0eUjWQlPZk_HdD0oNeZybzFp72rfi9p9UvUVyEEadfxhSeqQ4RH1TvTYZWt3VhORJ52C5vLabX9Wj_BoV6GVsGcGHSBnBii0ppY4khgiNH0c0u42w1AhJxNnTOlqPmAFkDBgAlPl_CrTda:1tABMY:qRapS93QZVUItTg8QqEHUYdb1BLRAL1dEZSxwM1J5wk",
        "expire_date": "2024-11-24T17:04:34.189Z"
    }
}, {
    "model": "sessions.session",
    "pk": "zme5x8ey95fykbhrcpvpppmjg7ro2z51",
    "fields": {
        "session_data": ".eJxVjLsOAiEURP-F2hDksaClvd9A7gNk1UCy7FbGf1eSLbScOWfmJSJsa4lbT0ucWZyFE4ffDoEeqQ7Ad6i3JqnVdZlRDkXutMtr4_S87O7fQYFevmtygYGPJ2TMyusRctAIOYD1Xk_ZGQjEk9WkM6E2wWVQBr2zQSEl8f4AF2848g:1tAc5N:z2HokaMUfeqMPCqaFrfxELDrIk2YsYtlg8WHGZk9BzU",
        "expire_date": "2024-11-25T21:36:37.724Z"
    }
}, {
    "model": "sessions.session",
    "pk": "zpm0itkxydv0m40rrnhesinkbuz581z1",
    "fields": {
        "session_data": ".eJxVjMEOwiAQBf-Fc0PaAhV69O43kGXZCoqQtMWL8d9tTWPidWbeezFALDWv9klznCJ5Sw-IiY25ptT8bF1oZiMLrGEW6hq-wEa_se70Dx3gnfJu_A3ytXAseZ2j43vCD7vwS_GUzkf7dxBgCdtaGimlGZTRCC0qCYNWQpOW1FPrhB56dF5rrTxJFKgQhkm0RnXGtAI6ZO8PsH5JJw:1tAs48:TwyWxVr5JBHkHCBkgzEQ71hilT2M1aKQ9e34f9gT8mk",
        "expire_date": "2024-11-26T14:40:24.903Z"
    }
}, {
    "model": "sessions.session",
    "pk": "zpuubo6yoeor1aiek75shjr2udvl30w1",
    "fields": {
        "session_data": ".eJxljMsOwiAQRf-FddO0SHl06d5vIDAzWBQhaYsb479rTWNi3J5z7n0wB1BqXu2d5hgioaWbi4mNuabUfG1daGYjE6xh1tV1-gAb8Z95B1fKm8CLy-fSQsnrHH27Je1ul_ZUkNJxb38OJrdM77UBHoQGJYNGHLzuA5ALnTEaxMEPigtCI7vBkALysgdO3pDWUiHXwhF7vgCVp0oo:1sl2ng:sDoje1yzwE30SO9SxvOzRdulVOyhHWu_D_E_jvHLvXg",
        "expire_date": "2024-09-16T08:52:40.213Z"
    }
}, {
    "model": "sessions.session",
    "pk": "zt85g3nnid5ar0k9gxrva1k87pe8weiz",
    "fields": {
        "session_data": ".eJxVjLsOAiEURP-F2hDksaClvd9A7gNk1UCy7FbGf1eSLbScOWfmJSJsa4lbT0ucWZyFE4ffDoEeqQ7Ad6i3JqnVdZlRDkXutMtr4_S87O7fQYFevmtygYGPJ2TMyusRctAIOYD1Xk_ZGQjEk9WkM6E2wWVQBr2zQSEl8f4AF2848g:1tAqWs:i4sDdY038cPm0mrA6jV68YtAnO_So2kNLwE9OZRVvM8",
        "expire_date": "2024-11-26T13:01:58.316Z"
    }
}, {
    "model": "sessions.session",
    "pk": "zuskaz0yl2he6wm2iv30pbuyhl0bdy4p",
    "fields": {
        "session_data": ".eJxVjMsOwiAQAP-FsyErsC149O43kF0eUjWQlPZk_HdD0oNeZybzFp72rfi9p9UvUVyEEadfxhSeqQ4RH1TvTYZWt3VhORJ52C5vLabX9Wj_BoV6GVsGcGHSBnBii0ppY4khgiNH0c0u42w1AhJxNnTOlqPmAFkDBgAlPl_CrTda:1t2yNW:lUsgHKJNON6UFDz5XcxRqkySY1x9QkZMBrECARj8jzI",
        "expire_date": "2024-11-04T19:47:46.902Z"
    }
}, {
    "model": "sessions.session",
    "pk": "zwdjfhn5ttvpebywqbnxvcxrkb5l5hhl",
    "fields": {
        "session_data": ".eJxVjMsOwiAQAP-FsyErsC149O43kF0eUjWQlPZk_HdD0oNeZybzFp72rfi9p9UvUVyEEadfxhSeqQ4RH1TvTYZWt3VhORJ52C5vLabX9Wj_BoV6GVsGcGHSBnBii0ppY4khgiNH0c0u42w1AhJxNnTOlqPmAFkDBgAlPl_CrTda:1t2yc9:3n17J7DSCdYWAsyV5xQf2FtoHwjLEaAGW7p2KdgTWgg",
        "expire_date": "2024-11-04T20:02:53.683Z"
    }
}, {
    "model": "sessions.session",
    "pk": "zxqjwwd8ynl0h6k5dt19wpg2fxisppzy",
    "fields": {
        "session_data": ".eJxVjMsOwiAQAP-FsyErsC149O43kF0eUjWQlPZk_HdD0oNeZybzFp72rfi9p9UvUVyEEadfxhSeqQ4RH1TvTYZWt3VhORJ52C5vLabX9Wj_BoV6GVsGcGHSBnBii0ppY4khgiNH0c0u42w1AhJxNnTOlqPmAFkDBgAlPl_CrTda:1tAYRN:-lTfmMZRCAl3PBpbgEIMe2EQ0Exne-iWOi5CaDhqFzk",
        "expire_date": "2024-11-25T17:43:05.684Z"
    }
}, {
    "model": "sites.site",
    "pk": 1,
    "fields": {
        "domain": "example.com",
        "name": "example.com"
    }
}, {
    "model": "authtoken.token",
    "pk": "1f5816f8b5cf5c06bb6354cd73b82b16261b9e6f",
    "fields": {
        "user": 4,
        "created": "2024-11-11T00:28:42.801Z"
    }
}, {
    "model": "authtoken.token",
    "pk": "93731f23e2d2d6d17f80ba58bbd7f6bc6e95b3dc",
    "fields": {
        "user": 2,
        "created": "2024-09-11T22:53:09.683Z"
    }
}, {
    "model": "posts.post",
    "pk": 2,
    "fields": {
        "owner": 4,
        "created_at": "2024-09-02T19:18:13.692Z",
        "updated_at": "2024-09-02T19:18:13.692Z",
        "title": "art",
        "content": "2.post",
        "image": "media/images/background_dpzlrl",
        "image_filter": "normal"
    }
}, {
    "model": "posts.post",
    "pk": 4,
    "fields": {
        "owner": 4,
        "created_at": "2024-09-03T13:26:33.939Z",
        "updated_at": "2024-09-03T13:26:33.940Z",
        "title": "nature",
        "content": "4.post",
        "image": "media/images/river-8286407_1280_otblkn",
        "image_filter": "normal"
    }
}, {
    "model": "posts.post",
    "pk": 5,
    "fields": {
        "owner": 2,
        "created_at": "2024-09-06T13:46:56.284Z",
        "updated_at": "2024-09-06T13:46:56.284Z",
        "title": "new",
        "content": "test",
        "image": "media/images/flower-827000_1280_tdos6y",
        "image_filter": "normal"
    }
}, {
    "model": "posts.post",
    "pk": 6,
    "fields": {
        "owner": 2,
        "created_at": "2024-09-10T07:19:17.267Z",
        "updated_at": "2024-09-10T07:19:17.267Z",
        "title": "Vegan Food Festival",
        "content": "Description: Enjoy a day of delicious plant-based cuisine at the Vegan Food Festival. Sample dishes from top vegan restaurants and food trucks, attend cooking demonstrations, and participate in workshops. Date: October 5, 2024 Location: Hamburg Messe und Congress",
        "image": "media/images/vegfood_m7p2kz",
        "image_filter": "normal"
    }
}, {
    "model": "posts.post",
    "pk": 7,
    "fields": {
        "owner": 2,
        "created_at": "2024-09-10T07:26:24.184Z",
        "updated_at": "2024-09-10T07:26:24.184Z",
        "title": "Art Exhibition at Kunsthalle Hamburg",
        "content": "Description: Explore the latest contemporary art exhibition at Kunsthalle Hamburg. Meet local artists, view their work, and engage in discussions about modern art. Date: October 15, 2024 Location: Kunsthalle Hamburg",
        "image": "media/images/art_krmj2l",
        "image_filter": "normal"
    }
}, {
    "model": "posts.post",
    "pk": 8,
    "fields": {
        "owner": 4,
        "created_at": "2024-09-10T17:29:14.744Z",
        "updated_at": "2024-09-10T17:29:14.744Z",
        "title": "Hamburg International Film Festival",
        "content": "Description: Attend the Hamburg International Film Festival to watch a selection of international films, participate in Q&A sessions with filmmakers, and enjoy a glamorous red carpet event. Date: October 25-27, 2024 Location: CinemaxX Hamburg-Dammtor",
        "image": "media/images/film_tgk3bs",
        "image_filter": "normal"
    }
}, {
    "model": "posts.post",
    "pk": 9,
    "fields": {
        "owner": 4,
        "created_at": "2024-09-10T17:35:52.905Z",
        "updated_at": "2024-09-10T17:35:52.905Z",
        "title": "Music Concert at Elbphilharmonie",
        "content": "Description: Attend a concert at Hamburg's iconic Elbphilharmonie. Enjoy a performance by a renowned orchestra or band in one of the most beautiful concert halls in the world. Date: October 31, 2024 Location: Elbphilharmonie Hamburg",
        "image": "media/images/klassik_xhqih2",
        "image_filter": "normal"
    }
}, {
    "model": "posts.post",
    "pk": 10,
    "fields": {
        "owner": 6,
        "created_at": "2024-09-10T20:24:02.649Z",
        "updated_at": "2024-09-10T20:24:02.649Z",
        "title": "Brewery Tour and Tasting",
        "content": "Description: Experience Hamburgs craft beer scene with a guided tour of a local brewery. Sample a variety of beers, learn about the brewing process, and meet other beer enthusiasts. Date: October 29, 2024 Location: Hamburg Brewery Tours",
        "image": "media/images/bier_mcz8p6",
        "image_filter": "normal"
    }
}, {
    "model": "posts.post",
    "pk": 11,
    "fields": {
        "owner": 5,
        "created_at": "2024-09-10T21:08:02.225Z",
        "updated_at": "2024-09-10T21:08:02.225Z",
        "title": "Live Theater Performance: \"The Phantom of the Opera\"",
        "content": "Description: Enjoy a classic musical at the Hamburg State Opera. This production of \"The Phantom of the Opera\" promises a night of dramatic performances and stunning visuals. Date: October 21, 2024 Location: Hamburg State Opera",
        "image": "media/images/theater_gxx7bd",
        "image_filter": "normal"
    }
}, {
    "model": "posts.post",
    "pk": 12,
    "fields": {
        "owner": 7,
        "created_at": "2024-09-30T06:14:07.952Z",
        "updated_at": "2024-09-30T06:24:11.491Z",
        "title": "Under a tree",
        "content": "Hang out under a tall tree.\r\nThe tree is across the street from where you are now.",
        "image": "media/images/gettyimages-1355820807-2048x2048_sl9pqo",
        "image_filter": "normal"
    }
}, {
    "model": "posts.post",
    "pk": 13,
    "fields": {
        "owner": 8,
        "created_at": "2024-09-30T09:15:26.156Z",
        "updated_at": "2024-09-30T09:15:26.156Z",
        "title": "asdf",
        "content": "asdf",
        "image": "media/images/default_image_kkh8on",
        "image_filter": "normal"
    }
}, {
    "model": "posts.post",
    "pk": 14,
    "fields": {
        "owner": 7,
        "created_at": "2024-10-18T07:49:44.583Z",
        "updated_at": "2024-10-18T07:49:44.583Z",
        "title": "Go for a run on the beach?",
        "content": "",
        "image": "media/images/181215157-56a815323df78cf7729bf6f1_zxif8p",
        "image_filter": "normal"
    }
}, {
    "model": "posts.post",
    "pk": 17,
    "fields": {
        "owner": 5,
        "created_at": "2024-11-13T12:00:53.977Z",
        "updated_at": "2024-11-13T12:00:53.977Z",
        "title": "My New Post",
        "content": "This is the content of my new post.",
        "image": "../default_profile_ezt2rj",
        "image_filter": "normal"
    }
}, {
    "model": "posts.post",
    "pk": 18,
    "fields": {
        "owner": 4,
        "created_at": "2024-11-13T12:03:26.948Z",
        "updated_at": "2024-11-13T12:03:26.948Z",
        "title": "My New Post",
        "content": "This is the content of my new post.",
        "image": "../default_profile_ezt2rj",
        "image_filter": "normal"
    }
}, {
    "model": "posts.post",
    "pk": 19,
    "fields": {
        "owner": 2,
        "created_at": "2024-11-13T12:04:15.043Z",
        "updated_at": "2024-11-13T12:04:15.043Z",
        "title": "My New Post",
        "content": "This is the content of my new post.",
        "image": "../default_profile_ezt2rj",
        "image_filter": "normal"
    }
}, {
    "model": "posts.post",
    "pk": 20,
    "fields": {
        "owner": 1,
        "created_at": "2024-11-13T12:05:12.745Z",
        "updated_at": "2024-11-13T12:05:12.745Z",
        "title": "My New Post",
        "content": "This is the content of my new post.",
        "image": "../default_profile_ezt2rj",
        "image_filter": "normal"
    }
}, {
    "model": "posts.post",
    "pk": 21,
    "fields": {
        "owner": 18,
        "created_at": "2024-11-13T12:07:33.892Z",
        "updated_at": "2024-11-13T12:07:33.892Z",
        "title": "My New Post",
        "content": "This is the content of my new post.",
        "image": "../default_profile_ezt2rj",
        "image_filter": "normal"
    }
}, {
    "model": "posts.post",
    "pk": 22,
    "fields": {
        "owner": 8,
        "created_at": "2024-11-13T12:08:05.299Z",
        "updated_at": "2024-11-13T12:08:05.299Z",
        "title": "My New Post",
        "content": "This is the content of my new post.",
        "image": "../default_profile_ezt2rj",
        "image_filter": "normal"
    }
}, {
    "model": "posts.post",
    "pk": 23,
    "fields": {
        "owner": 17,
        "created_at": "2024-11-13T12:08:40.512Z",
        "updated_at": "2024-11-13T12:08:40.512Z",
        "title": "My New Post",
        "content": "This is the content of my new post.",
        "image": "../default_profile_ezt2rj",
        "image_filter": "normal"
    }
}, {
    "model": "posts.post",
    "pk": 24,
    "fields": {
        "owner": 3,
        "created_at": "2024-11-13T12:09:19.112Z",
        "updated_at": "2024-11-13T12:09:19.112Z",
        "title": "My New Post",
        "content": "This is the content of my new post.",
        "image": "../default_profile_ezt2rj",
        "image_filter": "normal"
    }
}, {
    "model": "comments.comment",
    "pk": 12,
    "fields": {
        "owner": 4,
        "post": 7,
        "created_at": "2024-09-10T17:24:21.387Z",
        "updated_at": "2024-09-10T17:24:21.387Z",
        "content": "Interesting, thank you for sharing. :)"
    }
}, {
    "model": "comments.comment",
    "pk": 13,
    "fields": {
        "owner": 7,
        "post": 9,
        "created_at": "2024-09-30T06:20:51.053Z",
        "updated_at": "2024-09-30T06:21:28.787Z",
        "content": "Looks like a good event for Halloween!  What is the band?"
    }
}, {
    "model": "comments.comment",
    "pk": 16,
    "fields": {
        "owner": 4,
        "post": 8,
        "created_at": "2024-10-21T20:24:59.432Z",
        "updated_at": "2024-10-21T20:24:59.432Z",
        "content": "nice"
    }
}, {
    "model": "comments.comment",
    "pk": 17,
    "fields": {
        "owner": 5,
        "post": 6,
        "created_at": "2024-11-10T11:32:16.688Z",
        "updated_at": "2024-11-10T11:32:16.688Z",
        "content": "looks tasty"
    }
}, {
    "model": "comments.comment",
    "pk": 18,
    "fields": {
        "owner": 19,
        "post": 19,
        "created_at": "2024-11-13T12:27:32.279Z",
        "updated_at": "2024-11-13T12:27:32.279Z",
        "content": "new test"
    }
}, {
    "model": "likes.like",
    "pk": 5,
    "fields": {
        "owner": 2,
        "post": 2,
        "created_at": "2024-09-03T11:59:07.418Z"
    }
}, {
    "model": "likes.like",
    "pk": 8,
    "fields": {
        "owner": 4,
        "post": 7,
        "created_at": "2024-09-10T17:23:48.881Z"
    }
}, {
    "model": "likes.like",
    "pk": 9,
    "fields": {
        "owner": 4,
        "post": 6,
        "created_at": "2024-09-10T17:30:17.656Z"
    }
}, {
    "model": "likes.like",
    "pk": 10,
    "fields": {
        "owner": 5,
        "post": 7,
        "created_at": "2024-09-10T21:08:31.083Z"
    }
}, {
    "model": "likes.like",
    "pk": 11,
    "fields": {
        "owner": 5,
        "post": 6,
        "created_at": "2024-09-10T21:08:34.790Z"
    }
}, {
    "model": "likes.like",
    "pk": 12,
    "fields": {
        "owner": 5,
        "post": 5,
        "created_at": "2024-09-10T21:08:39.079Z"
    }
}, {
    "model": "likes.like",
    "pk": 13,
    "fields": {
        "owner": 2,
        "post": 8,
        "created_at": "2024-09-11T22:02:53.317Z"
    }
}, {
    "model": "likes.like",
    "pk": 14,
    "fields": {
        "owner": 2,
        "post": 11,
        "created_at": "2024-09-12T08:56:09.979Z"
    }
}, {
    "model": "likes.like",
    "pk": 15,
    "fields": {
        "owner": 2,
        "post": 10,
        "created_at": "2024-09-12T08:56:23.117Z"
    }
}, {
    "model": "likes.like",
    "pk": 16,
    "fields": {
        "owner": 7,
        "post": 8,
        "created_at": "2024-09-30T06:15:21.169Z"
    }
}, {
    "model": "likes.like",
    "pk": 18,
    "fields": {
        "owner": 19,
        "post": 19,
        "created_at": "2024-11-13T12:26:20.019Z"
    }
}, {
    "model": "followers.follower",
    "pk": 6,
    "fields": {
        "owner": 5,
        "followed": 1,
        "created_at": "2024-09-04T10:09:12.788Z"
    }
}, {
    "model": "followers.follower",
    "pk": 7,
    "fields": {
        "owner": 5,
        "followed": 2,
        "created_at": "2024-09-05T10:22:17.231Z"
    }
}, {
    "model": "followers.follower",
    "pk": 8,
    "fields": {
        "owner": 5,
        "followed": 4,
        "created_at": "2024-09-05T10:22:18.595Z"
    }
}, {
    "model": "followers.follower",
    "pk": 10,
    "fields": {
        "owner": 4,
        "followed": 2,
        "created_at": "2024-09-10T17:19:30.661Z"
    }
}, {
    "model": "followers.follower",
    "pk": 11,
    "fields": {
        "owner": 4,
        "followed": 3,
        "created_at": "2024-09-10T17:19:31.708Z"
    }
}, {
    "model": "followers.follower",
    "pk": 14,
    "fields": {
        "owner": 4,
        "followed": 1,
        "created_at": "2024-09-10T17:20:58.262Z"
    }
}, {
    "model": "followers.follower",
    "pk": 17,
    "fields": {
        "owner": 6,
        "followed": 1,
        "created_at": "2024-09-10T20:38:01.017Z"
    }
}, {
    "model": "followers.follower",
    "pk": 18,
    "fields": {
        "owner": 6,
        "followed": 2,
        "created_at": "2024-09-10T20:38:02.207Z"
    }
}, {
    "model": "followers.follower",
    "pk": 19,
    "fields": {
        "owner": 6,
        "followed": 3,
        "created_at": "2024-09-10T20:38:03.269Z"
    }
}, {
    "model": "followers.follower",
    "pk": 20,
    "fields": {
        "owner": 6,
        "followed": 4,
        "created_at": "2024-09-10T20:38:05.348Z"
    }
}, {
    "model": "followers.follower",
    "pk": 21,
    "fields": {
        "owner": 4,
        "followed": 5,
        "created_at": "2024-09-10T20:48:19.303Z"
    }
}, {
    "model": "followers.follower",
    "pk": 22,
    "fields": {
        "owner": 4,
        "followed": 6,
        "created_at": "2024-09-10T20:48:22.136Z"
    }
}, {
    "model": "followers.follower",
    "pk": 26,
    "fields": {
        "owner": 2,
        "followed": 1,
        "created_at": "2024-09-12T08:56:31.339Z"
    }
}, {
    "model": "followers.follower",
    "pk": 27,
    "fields": {
        "owner": 2,
        "followed": 5,
        "created_at": "2024-09-12T09:06:40.615Z"
    }
}, {
    "model": "followers.follower",
    "pk": 30,
    "fields": {
        "owner": 7,
        "followed": 4,
        "created_at": "2024-09-30T06:14:57.859Z"
    }
}, {
    "model": "followers.follower",
    "pk": 32,
    "fields": {
        "owner": 2,
        "followed": 4,
        "created_at": "2024-10-29T12:01:49.408Z"
    }
}, {
    "model": "followers.follower",
    "pk": 33,
    "fields": {
        "owner": 19,
        "followed": 16,
        "created_at": "2024-11-13T12:17:57.856Z"
    }
}, {
    "model": "followers.follower",
    "pk": 35,
    "fields": {
        "owner": 19,
        "followed": 8,
        "created_at": "2024-11-13T12:19:10.139Z"
    }
}, {
    "model": "followers.follower",
    "pk": 37,
    "fields": {
        "owner": 19,
        "followed": 5,
        "created_at": "2024-11-13T12:25:14.348Z"
    }
}, {
    "model": "followers.follower",
    "pk": 39,
    "fields": {
        "owner": 19,
        "followed": 18,
        "created_at": "2024-11-13T12:28:04.791Z"
    }
}, {
    "model": "followers.follower",
    "pk": 42,
    "fields": {
        "owner": 5,
        "followed": 18,
        "created_at": "2024-11-13T12:41:16.935Z"
    }
}, {
    "model": "followers.follower",
    "pk": 44,
    "fields": {
        "owner": 5,
        "followed": 16,
        "created_at": "2024-11-13T12:54:15.282Z"
    }
}, {
    "model": "followers.follower",
    "pk": 47,
    "fields": {
        "owner": 5,
        "followed": 8,
        "created_at": "2024-11-13T12:59:48.306Z"
    }
}, {
    "model": "followers.follower",
    "pk": 48,
    "fields": {
        "owner": 5,
        "followed": 20,
        "created_at": "2024-11-13T13:00:25.019Z"
    }
}, {
    "model": "followers.follower",
    "pk": 57,
    "fields": {
        "owner": 21,
        "followed": 8,
        "created_at": "2024-11-13T13:36:25.911Z"
    }
}, {
    "model": "followers.follower",
    "pk": 58,
    "fields": {
        "owner": 21,
        "followed": 16,
        "created_at": "2024-11-13T13:38:50.699Z"
    }
}, {
    "model": "followers.follower",
    "pk": 65,
    "fields": {
        "owner": 4,
        "followed": 20,
        "created_at": "2024-11-13T13:45:18.049Z"
    }
}]